,id,name,event_url,rsvp_limit,yes_rsvp_count,time,venue_id,venue_name,address,city,lat,lon,country,group_id,group_urlname
0,261676815,Learn from CSM Bad Practices (a little different),https://www.meetup.com/Zurich-Customer-Success-Austausch/events/261676815/,,10,1562688000000,26146877.0,Lotti,Werdm√ºhlepl. 3,Z√ºrich,47.37516,8.53978,ch,23965165,Zurich-Customer-Success-Austausch
1,262638543,Reinforcement Learning at IBM,https://www.meetup.com/Reinforcement-Learning-Zurich/events/262638543/,100.0,83,1562688000000,26109553.0,IBM Research Zurich,S√§umerstrasse 4,R√ºschlikon,47.3095,8.545072,ch,30218901,Reinforcement-Learning-Zurich
2,262604075,Open Finance - get ready for an innovation explosion!,https://www.meetup.com/meetup-group-MxIAcYAu/events/262604075/,60.0,13,1562688000000,26130784.0,TRUST SQUARE,Bahnhofstrasse 3,Z√ºrich,47.367466,8.539913,ch,27090394,meetup-group-MxIAcYAu
3,djrddryzkbmb,DC4131 - Beer on Tuesday (BoT) Zurich,https://www.meetup.com/DC4131/events/261981001/,,9,1562689800000,10630732.0,The Lion Pub,"Oetenbachgasse 24, 8001 Z√ºrich, Switzerland",Z√ºrich,47.37403,8.539273,ch,14489982,DC4131
4,262642651,Field Research After Work,https://www.meetup.com/zurich-ux-research-guild/events/262642651/,20.0,14,1562689800000,26480213.0,Gessnerallee 8,Gessnerallee 8,Z√ºrich,47.374798,8.534652,ch,31912928,zurich-ux-research-guild
5,262835397,WebMeetup Bodensee in Singen,https://www.meetup.com/web-meetup-bodensee/events/262835397/,,6,1562691600000,24517374.0,Elma Schmidbauer GmbH,Gottlieb-Daimler-Stra√üe 17,Singen,47.75518,8.88303,de,16379942,web-meetup-bodensee
6,gvsjxqyzkbmb,"Learn programming with Python, Java, Javascript, C(++) or ...",https://www.meetup.com/opentechschool-zurich/events/262810473/,20.0,6,1562691600000,22239642.0,Liip,Limmatstrasse 183,Z√ºrich,47.386169,8.52922,ch,8170522,opentechschool-zurich
7,tkvwdmyzkbmb,VlbgWebDev,https://www.meetup.com/VlbgWebDev/events/262574036/,,22,1562691600000,26474910.0,Millennium Park 6,Millennium Pk. 6,Lustenau,47.421097,9.672473,at,21005295,VlbgWebDev
8,262442207,6. Functional Programming Meetup T√ºbingen,https://www.meetup.com/Tu-Lambda/events/262442207/,,29,1562691600000,25835286.0,itdesign GmbH,Friedrichstra√üe 12,T√ºbingen,48.51679,9.06103,de,28518833,Tu-Lambda
9,262870589,Freelance : comment r√©ussir durablement ? x Wild Code School,https://www.meetup.com/Wild-Code-School-Strasbourg/events/262870589/,60.0,12,1562754600000,25937296.0,Wild Code School - Strasbourg,32 rue du bassin d'Austerlitz,Strasbourg,48.58,7.75,fr,29705980,Wild-Code-School-Strasbourg
10,262418130,FIBREE Meet-Up in July 2019 (10 July 2019),https://www.meetup.com/FIBREE-Swiss-Chapter/events/262418130/,,11,1562774400000,25703057.0,LAB 100,Lagerstrasse 100,Z√ºrich,47.379772,8.529582,ch,21769334,FIBREE-Swiss-Chapter
11,262605644,Strasbourg Webflow Meetup #3,https://www.meetup.com/Webflow-Meetup-Strasbourg/events/262605644/,,3,1562774400000,26108202.0,Anticaf√©,1 Rue de la Division Leclerc,Strasbourg,48.581013,7.746645,fr,31379793,Webflow-Meetup-Strasbourg
12,262193395,DAOs & Pharma (Decentralised Autonomous Organisations) ,https://www.meetup.com/Blockchain-in-Pharma-Network/events/262193395/,,20,1562774400000,26441237.0,Steinentorberg 18,Steinentorberg 18,Basel,47.549545,7.58769,ch,31101113,Blockchain-in-Pharma-Network
13,262412236,ScalaWebTest - integration testing made easy by Dani Rey,https://www.meetup.com/Bern-Scala-User-Group/events/262412236/,,12,1562774400000,26463357.0,Sqooba,Effingerstrasse 47,Bern,46.945602,7.429898,ch,18175332,Bern-Scala-User-Group
14,262870642,Introduction au HTML/CSS/REACT x Wild Code School,https://www.meetup.com/Wild-Code-School-Strasbourg/events/262870642/,60.0,7,1562775300000,25937296.0,Wild Code School - Strasbourg,32 rue du bassin d'Austerlitz,Strasbourg,48.58,7.75,fr,29705980,Wild-Code-School-Strasbourg
15,261862930,WWD Meetup Juli - WebRTC & Svelte,https://www.meetup.com/WintiWebDev-Talks/events/261862930/,,16,1562776200000,23742447.0,Technopark Winterthur,Technoparkstr. 2,Winterthur,47.494347,8.716522,ch,18532052,WintiWebDev-Talks
16,tflhdqyzkbnb,Scrum Club Dornbirn,https://www.meetup.com/Digitale-Initiativen/events/262265819/,,14,1562776200000,25249856.0,Digitale Initiativen - Mutterschiff,Widagasse 11,Dornbirn,47.41788,9.746881,at,21781853,Digitale-Initiativen
17,261318674,AWS UserGroup Ulm/Neu-Ulm,https://www.meetup.com/AWS-User-Group-Ulm-Neu-Ulm/events/261318674/,,8,1562776200000,26279395.0,Innovations ON GmbH,Lise-Meitner-Stra√üe 9,Ulm,48.424526,9.940905,de,31274594,AWS-User-Group-Ulm-Neu-Ulm
18,256180856,Future of Mobility - Powered by Blockchain and Air-Mobility Infrastructure ,https://www.meetup.com/Disrupt-Meetup-Future-of-Mobility-Stuttgart/events/256180856/,,76,1562778000000,26395309.0,Ernst & Young GmbH Wirtschaftspr√ºfungsgesellschaft,Flughafenstra√üe 61,Stuttgart,48.693237,9.195948,de,30472855,Disrupt-Meetup-Future-of-Mobility-Stuttgart
19,262573563,Future of Mobility - Powered by Blockchain and Air-Mobility Infrastructure,https://www.meetup.com/Disrupt-Meetup-Blockchain-and-Crypto-Assets-Stuttgart/events/262573563/,,3,1562778000000,26395309.0,Ernst & Young GmbH Wirtschaftspr√ºfungsgesellschaft,Flughafenstra√üe 61,Stuttgart,48.693237,9.195948,de,30472862,Disrupt-Meetup-Blockchain-and-Crypto-Assets-Stuttgart
20,262139621,how to increase you agile competences *free of cost*,https://www.meetup.com/agile-Mindset-Zurich/events/262139621/,12.0,7,1562862600000,24761612.0,"Zentrum Karl der Grosse, Room: Turmblick",Kirchgasse 14,Z√ºrich,47.369762,8.544621,ch,30490660,agile-Mindset-Zurich
21,262503037,Meetup of Test - miniConference,https://www.meetup.com/Meetup-of-Test/events/262503037/,,38,1562862600000,24037397.0,Ergon Informatik AG,Merkurstrasse 43,Z√ºrich,47.36735,8.5544,ch,18519439,Meetup-of-Test
22,262733528,DataScience Stammtisch at Wilken,https://www.meetup.com/Ulmer-Data-Science-Stammtisch/events/262733528/,60.0,47,1562862600000,26486048.0,Wilken Software Group | IT-Software Unternehmen | ulmerflieger,H√∂rvelsinger Weg 29-31,Ulm,48.426624,9.991065,de,26798589,Ulmer-Data-Science-Stammtisch
23,kckcwqyzkbpb,GDG & WTM Stammtisch,https://www.meetup.com/GDG-Zurich/events/260905846/,15.0,6,1562864400000,764547.0,Nachtflug,St√ºssihofstatt 4,Z√ºrich,47.372641,8.543427,ch,11090922,GDG-Zurich
24,chdcwqyzkbpb,WTM & GDG Stammtisch,https://www.meetup.com/wtm-switzerland/events/261402445/,12.0,7,1562864400000,26315626.0,Nachtflug,St√ºssihofstatt 4,Z√ºrich,47.37261,8.543437,ch,26051944,wtm-switzerland
25,262668845,E-Health in Switzerland,https://www.meetup.com/Swiss-E-Health-Developers/events/262668845/,,7,1562864400000,26481929.0,Vulkanstrasse 120,Vulkanstrasse 120,Z√ºrich,47.394405,8.481948,ch,31900316,Swiss-E-Health-Developers
26,qphmmqyzkbpb,Standing up to our Corporate Overlords - Gamespace Meetup!,https://www.meetup.com/Game-Developers-Zurich/events/262706983/,,10,1562864400000,24319729.0,Liip Arena,Limmatstrasse 183,Z√ºrich,47.386196,8.529275,ch,7229552,Game-Developers-Zurich
27,262736739,LUG-BB-Stammtisch im Juli 2019,https://www.meetup.com/Linux-User-Group-Boblingen/events/262736739/,,4,1562864400000,26414605.0,Zimmerstra√üe 49,Zimmerstra√üe 49,Sindelfingen,48.711285,8.99594,de,22702982,Linux-User-Group-Boblingen
28,rlfhxqyzjbkc,Krypto-Stammtisch in N√ºrtingen - Das Bitcoin-Testament,https://www.meetup.com/Krypto-Asset-Stammtisch/events/261346419/,,5,1562864400000,26386871.0,Schlachthof,M√ºhlstra√üe 15,N√ºrtingen,48.630257,9.333,de,25739384,Krypto-Asset-Stammtisch
29,261378115,Atelier d'entraide ,https://www.meetup.com/WordPress-Neuchatel/events/261378115/,,5,1562864400000,26338287.0,Coworking Neuch√¢tel,Place Numa-Droz 2,Neuch√¢tel,46.991077,6.932395,ch,31664334,WordPress-Neuchatel
30,gtrlfpyzkbpb,Vinylcutter Intro,https://www.meetup.com/Digitale-Initiativen/events/262890816/,10.0,3,1562866200000,25249856.0,Digitale Initiativen - Mutterschiff,Widagasse 11,Dornbirn,47.417881,9.746881,at,21781853,Digitale-Initiativen
31,nphrdryzkbqb,Crypto Friday - Wine & Vision,https://www.meetup.com/CV-Labs-Switzerland/events/261813583/,90.0,25,1562943600000,25720977.0,Crypto Valley Labs,Dammstrasse 16,Zug,47.175804,8.514732,ch,27342970,CV-Labs-Switzerland
32,262807850,IoT July Meetup,https://www.meetup.com/IoT-Zurich/events/262807850/,,26,1562947200000,26454931.0,Kiosk Josefswiese,Josefstrasse 197,Z√ºrich,47.38628,8.52304,ch,2621682,IoT-Zurich
33,262530721,Breaking a world record using GCP: most accurate value of Pi,https://www.meetup.com/wtm-switzerland/events/262530721/,60.0,28,1562949000000,26209937.0,Google Z√ºrich,Brandschenkestrasse 110,Z√ºrich,47.365547,8.524839,ch,26051944,wtm-switzerland
34,qksddryzkbrb,Open Source Workshop,https://www.meetup.com/Open-Source-Software-Dojo/events/262739271/,20.0,4,1563037200000,26056921.0,Impact Hub Z√ºrich - Colab,Sihlquai 131,Z√ºrich,47.384686,8.533229,ch,31770431,Open-Source-Software-Dojo
35,262574880,1. Treffen 2019 - Drupal User Group Bodensee,https://www.meetup.com/Drupal-User-Group-Bodensee/events/262574880/,30.0,5,1563206400000,26002709.0,Tojio GmbH,Turmstra√üe 20,Konstanz,47.670784,9.155054,de,30537248,Drupal-User-Group-Bodensee
36,262871673,#13 Stuttgart AI/KI Meetup im Timeout sponsored by NetApp,https://www.meetup.com/Stuttgarter-AI-KI-Meetup/events/262871673/,100.0,48,1563206400000,26496045.0,TimeOut,Wankelstra√üe 12,Stuttgart,48.737648,9.110275,de,24859535,Stuttgarter-AI-KI-Meetup
37,262653702,Ortenau.IT Meetup #2 / 2019,https://www.meetup.com/Ortenau-IT/events/262653702/,45.0,14,1563208200000,26480955.0,Burda Direct Konferenzraum Helios Building 4. OG,Hubert-Burda-Platz 2,Offenburg,48.467754,7.936258,de,22700959,Ortenau-IT
38,262365772,Azure-IT-Transformation zum Managed Service Provider,https://www.meetup.com/Azure-Stuttgart/events/262365772/,40.0,21,1563292800000,26459499.0,Devoteam GmbH,Industriestra√üe 3,Stuttgart,48.725742,9.114214,de,20475306,Azure-Stuttgart
39,262991252,Fragen & Antworten rund um TTN und LoRaWAN in gem√ºtlicher Runde,https://www.meetup.com/TTN-Network-Freiburg-LoRaWAN/events/262991252/,,5,1563292800000,26504146.0,Ganter-Biergarten,Leo-Wohleb-Stra√üe 4,Freiburg im Breisgau,47.990326,7.858665,de,26339627,TTN-Network-Freiburg-LoRaWAN
40,262776109,Monkeys at the Lake - As candid as it gets,https://www.meetup.com/Monkey-Club/events/262776109/,,10,1563294600000,,,,,,,,30988183,Monkey-Club
41,262927770,Bitcoin Cash Meetup Zurich,https://www.meetup.com/Bitcoin-Cash-Meetup-Zurich/events/262927770/,,5,1563296400000,25148920.0,Grain,Z√ºrichbergstrasse 71,Z√ºrich,47.376167,8.559378,ch,32172215,Bitcoin-Cash-Meetup-Zurich
42,262123688,"APEXmeetupStuttgart meets Star-Wars, News from Kscope19 and BBQ-Time!",https://www.meetup.com/orclapex-Stuttgart/events/262123688/,,18,1563375600000,23530869.0,Oracle Deutschland,Liebknechtstrasse 35,Stuttgart,48.724377,9.111119,de,14332822,orclapex-Stuttgart
43,262904102,Bitcoiners in the wild #5 // Beer & BBQ,https://www.meetup.com/Bitcoin-Meetup-Zug/events/262904102/,,4,1563379200000,26358773.0,Choller Delta,,Zug,47.17811,8.480682,ch,31763584,Bitcoin-Meetup-Zug
44,262641883,AI/ML - Deep Dive f√ºr Anf√§nger! ,https://www.meetup.com/Computacenter-Stuttgart-Meetups/events/262641883/,,31,1563379200000,26480139.0,Lenovo Executive briefing center,Meitnerstra√üe,Stuttgart,48.738735,9.10951,de,30880504,Computacenter-Stuttgart-Meetups
45,262582221,Neunter Data Science Stammtisch Allg√§u,https://www.meetup.com/Data-Science-Stammtisch-Allgau/events/262582221/,30.0,17,1563381000000,26475386.0,Uhlmann Pac-Systeme GmbH & Co. KG,Uhlmannstra√üe 14 - 18,Laupheim,48.233376,9.874251,de,26308631,Data-Science-Stammtisch-Allgau
46,262965305,Bitcoin Meetup Z√ºrich,https://www.meetup.com/Bitcoin-Meetup-Switzerland/events/262965305/,,13,1563382800000,26146877.0,Lotti,Werdm√ºhlepl. 3,Z√ºrich,47.37516,8.53978,ch,8278642,Bitcoin-Meetup-Switzerland
47,262707469,Monero Meetup,https://www.meetup.com/Monero-ZRH/events/262707469/,,4,1563382800000,19701172.0,Caf√© Bar Pl√ºsch,Aemtlerstrasse 16,8003 Z√ºrich,47.37135,8.51636,ch,28885530,Monero-ZRH
48,262635279,"Don't trust the process by Dan Nessler, Head of UX @Hinderling Volkart",https://www.meetup.com/Digital-Experience-Group/events/262635279/,75.0,73,1563382800000,24261413.0,WONDROUS HQ,Margarethenstrasse 87,Basel,47.544617,7.582556,ch,23159885,Digital-Experience-Group
49,261864696,Camunda Open Space,https://www.meetup.com/Camunda-User-Group-Stuttgart/events/261864696/,,10,1563382800000,26069931.0,NovaTec Consulting GmbH - Headquarters,Dieselstra√üe 18/1,Leinfelden-Echterdingen,48.697655,9.165886,de,30962709,Camunda-User-Group-Stuttgart
50,jqfsxqyzkbxb,Neos CMS - Monthly regulars' table in Zurich,https://www.meetup.com/Neos-CMS-and-Flow-Framework-Meetup-Swiss/events/261616507/,20.0,7,1563465600000,26371555.0,webexcess GmbH Webagentur & Web-Entwicklung Z√ºrich,Reinhardstrasse 19,Z√ºrich,47.36315,8.551798,ch,20044220,Neos-CMS-and-Flow-Framework-Meetup-Swiss
51,262791024,Hackergarten July: Hackwarming the new Karakun Office,https://www.meetup.com/Hackergarten-Basel/events/262791024/,,9,1563465600000,26490008.0,Karakun AG,Elisabethenanlage 25,Basel,47.54869,7.588054,ch,13796612,Hackergarten-Basel
52,262891699,Pic Nic FETI / svelte.js cosa cambia?,https://www.meetup.com/FrontEnders-Ticino/events/262891699/,,7,1563467400000,26072248.0,Manno,,Manno,46.032936,8.921429,ch,25773464,FrontEnders-Ticino
53,262122939,ngStuttgart Summer Meetup,https://www.meetup.com/angular-users-stuttgart/events/262122939/,,45,1563469200000,26441352.0,Campus Beach,Universit√§tsstra√üe 34,Stuttgart,48.74586,9.106714,de,23746018,angular-users-stuttgart
54,262539163,Crypto Blockchain Stammtisch,https://www.meetup.com/Bitcoin-Ulm/events/262539163/,,5,1563469200000,26131350.0,Jugend- & Kulturplattform Donauturm e.V.,Valckenburgufer 25,Ulm,48.400166,10.005805,de,29852341,Bitcoin-Ulm
55,262775578,Z√ºrich Blockchain Open Coffee Vol. VII,https://www.meetup.com/Zurich-Blockchain-Open-Coffee/events/262775578/,,9,1563514200000,26194948.0,Dufourstrasse 43,Dufourstrasse 43,Z√ºrich,47.36264,8.54894,ch,31219627,Zurich-Blockchain-Open-Coffee
56,262947350,Gamespace Grill Party,https://www.meetup.com/Game-Developers-Zurich/events/262947350/,30.0,8,1563555600000,25931186.0,Davids Place,Limmattalstrasse 257,Z√ºrich,47.402405,8.49252,ch,7229552,Game-Developers-Zurich
57,262443287,Homemade summercamp 2019 in Schwanden,https://www.meetup.com/Zurich-bio-electro-hacking-group/events/262443287/,,3,1563606000000,26465740.0,Pfadiheim Villa Kunterbunt,,Glarus S√ºd,46.982384,9.079495,ch,31088935,Zurich-bio-electro-hacking-group
58,262312285,IBM Blockchain for Business @ Stuttgart S01E02,https://www.meetup.com/IBM-meets-Blockchain-for-Business-Stuttgart/events/262312285/,50.0,11,1563895800000,26086870.0,IBM,IBM-Allee 1,Ehningen,48.65171,8.94666,de,31003656,IBM-meets-Blockchain-for-Business-Stuttgart
59,262635362,"[Jul 23] Social Engineering, Kubernetes & Container Security",https://www.meetup.com/South-Germany-Identity-and-Security-Meetup/events/262635362/,,38,1563899400000,26069931.0,NovaTec Consulting GmbH - Headquarters,Dieselstra√üe 18/1,Leinfelden-Echterdingen,48.697655,9.165886,de,31617268,South-Germany-Identity-and-Security-Meetup
60,262027283,Sommer Grillen @ Virtual Identity,https://www.meetup.com/Frontend-Meetup-Freiburg/events/262027283/,,9,1563901200000,26433680.0,Virtual Identity AG,Gr√ºnw√§lderstra√üe 10,Freiburg im Breisgau,47.994045,7.850117,de,20221296,Frontend-Meetup-Freiburg
61,262853524,"Tokenisation Workshop Zurich  - Digital Securities, Crypto, Fundraising 24 July ",https://www.meetup.com/Blockchain-SmartContract-Innovators/events/262853524/,,3,1563958800000,26494899.0,Zurich Youth Hostel,Mutschellenstrasse 114,Z√ºrich,47.347977,8.527823,ch,20208115,Blockchain-SmartContract-Innovators
62,260737013,Virtuelle Techniken im industriellen Service,https://www.meetup.com/Stuttgart-B2B-Customer-Success-Management-Meetup/events/260737013/,30.0,20,1563969600000,26069160.0,Messe Stuttgart,Messepiazza 1,Stuttgart,48.69375,9.186876,de,25371698,Stuttgart-B2B-Customer-Success-Management-Meetup
63,262652812,Learning to fly - challenges and results in perception and learning for drones,https://www.meetup.com/ComputerVisionZurich/events/262652812/,125.0,124,1563985800000,26480925.0,ETH Alumni Pavillon,,Z√ºrich,47.37684,8.546341,ch,31537713,ComputerVisionZurich
64,262776927,Chatbot engines - What's out there?,https://www.meetup.com/Stuttgart-Chatbots-Meetup/events/262776927/,15.0,5,1563985800000,26319546.0,Gerhardt Informatik,"70567 Stuttgart, Filderbahnstr. 43/A",Stuttgart,48.7287,9.146243,de,32113425,Stuttgart-Chatbots-Meetup
65,262891228,Google Cloud Experience Tour B√∂blingen,https://www.meetup.com/GDGStuttgart/events/262891228/,,5,1564041600000,26497038.0,Graf-Zeppelin-Platz,Graf-Zeppelin-Platz,B√∂blingen,48.690895,9.003885,de,24686406,GDGStuttgart
66,262947447,MongoDB & Google Cloud Experience Tour B√∂blingen,https://www.meetup.com/MongoDB-Users-Stuttgart/events/262947447/,,3,1564041600000,26497038.0,Graf-Zeppelin-Platz,Graf-Zeppelin-Platz,B√∂blingen,48.690895,9.003885,de,24708985,MongoDB-Users-Stuttgart
67,vwhkqqyzkbhc,Website Gesundheitskontrolle ‚Äì Wie √ºberpr√ºfe ich ob es meinem Website gut geht?,https://www.meetup.com/WordPress-Bern/events/262412069/,35.0,8,1564070400000,24995777.0,"Impact Hub, Bern",Spitalgasse 28 ,Bern,46.948257,7.442258,ch,14177862,WordPress-Bern
68,262312045,PWA with Angular,https://www.meetup.com/AngularZRH/events/262312045/,,21,1564072200000,26295556.0,Google Building 110,Brandschenkestrasse 110,Z√ºrich,47.365314,8.524475,ch,12710702,AngularZRH
69,261926585,Angular PWA : the technology & pitfalls ,https://www.meetup.com/Zurich-Progressive-Web-App-Meetup/events/261926585/,,9,1564072200000,26295556.0,Google Building 110,Brandschenkestrasse 110,Z√ºrich,47.365314,8.524475,ch,27120674,Zurich-Progressive-Web-App-Meetup
70,262893920,Demo Day & Cocktail de cl√¥ture - Promotion F√©vrier 2019,https://www.meetup.com/Wild-Code-School-Strasbourg/events/262893920/,,3,1564072200000,26379077.0,Wild Code School - Training D√©veloppeur Web,32 Rue du Bassin d'Austerlitz,Strasbourg,48.574093,7.76448,fr,29705980,Wild-Code-School-Strasbourg
71,262778709,UX Barbecue ü•ñüòéü•©,https://www.meetup.com/UX-FLUPA-Alsace/events/262778709/,,12,1564072200000,26489159.0,Square Louise Weiss,Quai de la Petite France,Strasbourg,48.58066,7.739572,fr,29669145,UX-FLUPA-Alsace
72,262814143,Mauro Bieg - pandoc: converting documents for fun and profit!,https://www.meetup.com/HaskellerZ/events/262814143/,,13,1564074000000,7165062.0,ETH Zurich / Zentrum / CAB H 52,Universit√§tstrasse 6,Z√ºrich,47.378359,8.548723,ch,1818144,HaskellerZ
73,262383569,Freiburg NLP Meetup,https://www.meetup.com/Freiburg-NLP-Natural-Language-Processing/events/262383569/,20.0,17,1564160400000,26460868.0,Averbis GmbH,Salzstr. 15,Freiburg,47.99444,7.851411,de,31991776,Freiburg-NLP-Natural-Language-Processing
74,258199284,Hacky Summer - Monatliches Meetup Juli,https://www.meetup.com/Cybersecurity-Liechtenstein/events/258199284/,,5,1564214400000,25664537.0,Universit√§t Liechtenstein,Fabrikweg,Vaduz,47.149555,9.517039,li,21252257,Cybersecurity-Liechtenstein
75,262125679,Erfahrungsbericht Kanban in Scrum anwenden - Eine Erfolgsstory,https://www.meetup.com/Scrum-User-Group-Bern-Scrum-Alliance/events/262125679/,50.0,50,1564414200000,25326690.0,Effinger - Kaffeebar & Coworking Space,Effingerstrasse 10,Bern,46.946041,7.435821,ch,29547307,Scrum-User-Group-Bern-Scrum-Alliance
76,262702386,Zurich Drupal User Group - BBQ July 2019,https://www.meetup.com/Zurich-Drupal-Meetup/events/262702386/,50.0,8,1564590600000,23712139.0,Amazee Labs,"F√∂rrlibuckstrasse 30, 8005 Zurich",Z√ºrich,47.3915,8.51578,ch,18512629,Zurich-Drupal-Meetup
77,ntqhdryzlbfb,Monthly GDG-Meetup,https://www.meetup.com/GDG-Freiburg/events/262919943/,12.0,3,1564819200000,25120056.0,Brasil,Wannerstra√üe 21,Freiburg,47.998257,7.836236,de,20119936,GDG-Freiburg
78,262005011,Bitcoin Summer Party 2019,https://www.meetup.com/Bitcoin-Meetup-Switzerland/events/262005011/,,43,1564833600000,26431658.0,Seestrasse 74,Seestrasse 74,Meilen,47.280216,8.613292,ch,8278642,Bitcoin-Meetup-Switzerland
79,xgtstpyzlbhb,Workshop Kernel Module oder Remote Debugging f√ºr GNU/Linux,https://www.meetup.com/Embedded-GNU-Linux-Developer/events/260538980/,20.0,3,1565023500000,25336823.0,bbv Software Services AG,Heinrichstrasse 249,Z√ºrich,47.388275,8.521528,ch,27942126,Embedded-GNU-Linux-Developer
80,261482996,Presentation: Accessible Data Visualization by Luc Guillemot & Tania Boa,https://www.meetup.com/datavis-zurich/events/261482996/,30.0,27,1565103600000,26392203.0,Interactive Things,Brauerstrasse 37,Z√ºrich,47.377846,8.526744,ch,31838175,datavis-zurich
81,261803938,111 UI/UX-Workhacks f√ºr Entwickler,https://www.meetup.com/Digital-Pioneers-Bern/events/261803938/,,6,1565190000000,26057596.0,Impact Hub Bern,Spitalgasse 28,Bern,46.948322,7.442253,ch,31051094,Digital-Pioneers-Bern
82,262254047,Meetup August - State management with @ng-state/store,https://www.meetup.com/Angular-Basel/events/262254047/,20.0,6,1565194500000,25878883.0,Your Sidekicks AG,Steinentorstrasse 19,Basel,47.551537,7.589378,ch,20441554,Angular-Basel
83,259591897,React Zurich August Meetup,https://www.meetup.com/Zurich-ReactJS-Meetup/events/259591897/,50.0,35,1565197200000,25703551.0,Pause im Foifi,F√∂rrlibuckstrasse 70,Z√ºrich,47.391964,8.513931,ch,18405138,Zurich-ReactJS-Meetup
84,262966498,Dive#3 - Start over!,https://www.meetup.com/IcebergDiving/events/262966498/,12.0,3,1565197200000,,,,,,,,31062239,IcebergDiving
85,262122329,WebDev Meetup Chur,https://www.meetup.com/WebDev-Chur/events/262122329/,16.0,3,1565280000000,25769971.0,Miux AG,Kirchgasse 4,Chur,46.847965,9.532596,ch,27837817,WebDev-Chur
86,kckcwqyzlblb,GDG & WTM Stammtisch,https://www.meetup.com/GDG-Zurich/events/262222532/,15.0,3,1565283600000,764547.0,Nachtflug,St√ºssihofstatt 4,Z√ºrich,47.372641,8.543427,ch,11090922,GDG-Zurich
87,qphmmqyzlblb,Interface-Based Games - Gamespace Meetup!,https://www.meetup.com/Game-Developers-Zurich/events/262945504/,,5,1565283600000,24319729.0,Liip Arena,Limmatstrasse 183,Z√ºrich,47.386196,8.529275,ch,7229552,Game-Developers-Zurich
88,sffhtqyzlbqb,BernR Meetup: ggplot and dplyr,https://www.meetup.com/Bern-R/events/261997432/,,7,1565627400000,25011558.0,Impact Hub Bern,Spitalgasse 28,Bern,46.948257,7.442258,ch,30484518,Bern-R
89,262574709,8th Ansible Meetup,https://www.meetup.com/Ansible-Zurich/events/262574709/,,30,1565708400000,26286193.0,Liip AG,Limmatstrasse 183,Z√ºrich,47.386143,8.529222,ch,19010618,Ansible-Zurich
90,262847180,Developers vs. Designers: Solving Problems with a Design System,https://www.meetup.com/SeeIT-IT-Meetup-in-Konstanz-Kreuzlingen/events/262847180/,,8,1565712000000,24584835.0,Wasserturm Stromeyersdorf - 6. OG,"Turmstra√üe 30, 78467 Konstanz, ",Konstanz,47.670734,9.155232,de,19917892,SeeIT-IT-Meetup-in-Konstanz-Kreuzlingen
91,cpzqxmyzlbrb,Hackergarten - Bern,https://www.meetup.com/Hackergarten-Bern/events/261799042/,20.0,3,1565712000000,24311287.0,SBB,Haslerstrasse 30,Bern,46.945324,7.430003,ch,18983021,Hackergarten-Bern
92,jsbqdryzlbrb,Monthly Bitcoin Meetup,https://www.meetup.com/bitcoin-bern/events/262962651/,,5,1565715600000,26022027.0,Effinger - Kaffeebar & Coworking Space,Effingerstrasse 10,Bern,46.945972,7.435812,ch,32267369,bitcoin-bern
93,lwrxnqyzlbrb,Monthly Bitcoin Meetup,https://www.meetup.com/Blockchain-Bern/events/262606246/,,9,1565715600000,25326690.0,Effinger - Kaffeebar & Coworking Space,Effingerstrasse 10,Bern,46.946041,7.435821,ch,24745519,Blockchain-Bern
94,262877838,DI Sommerfest,https://www.meetup.com/Digitale-Initiativen/events/262877838/,,12,1565800200000,26496416.0,Die Gelbe Fabrik - coworking,Widagasse 11,Dornbirn,47.41788,9.746881,at,21781853,Digitale-Initiativen
95,bxdvrqyzlbsb,Python Meetup,https://www.meetup.com/Python-User-Group-Freiburg/events/262260027/,25.0,5,1565802000000,,,,,,,,9582982,Python-User-Group-Freiburg
96,jqfsxqyzlbtb,Neos CMS - Monthly regulars' table in Zurich,https://www.meetup.com/Neos-CMS-and-Flow-Framework-Meetup-Swiss/events/261616913/,20.0,4,1565884800000,26371555.0,webexcess GmbH Webagentur & Web-Entwicklung Z√ºrich,Reinhardstrasse 19,Z√ºrich,47.36315,8.551798,ch,20044220,Neos-CMS-and-Flow-Framework-Meetup-Swiss
97,262423005,AI Afterwork: Chatbot-Special with Sophie Hundertmark,https://www.meetup.com/AI-Saint-Gallen/events/262423005/,50.0,11,1565884800000,26396322.0,Startfeld,Lerchenfeldstrasse 3,St. Gallen,47.412224,9.340956,ch,31502232,AI-Saint-Gallen
98,259387148,Swiss Perl Workshop 2019,https://www.meetup.com/Swiss-Perl-Community-Meetup/events/259387148/,,9,1565938800000,26212747.0,Olten,,Olten,47.3497,7.911281,ch,14243062,Swiss-Perl-Community-Meetup
99,cdkrzqyzlbvb,ECSC2019 Team Training,https://www.meetup.com/Cybersecurity-Liechtenstein/events/261592426/,,3,1565974800000,25664537.0,Universit√§t Liechtenstein,Fabrikweg,Vaduz,47.149555,9.517039,li,21252257,Cybersecurity-Liechtenstein
100,258073541,August Meetup for the Azure Pro Workgroup,https://www.meetup.com/Azure-Professional-Workgroup/events/258073541/,,9,1566230400000,24888118.0,Digicomp Academy AG,Limmatstrasse 50,Z√ºrich,47.38191,8.5357,ch,29454575,Azure-Professional-Workgroup
101,262446909,Service & Experience Design,https://www.meetup.com/Pantalks-tech-non-tech-talks-Panter-AG-Zurich/events/262446909/,,27,1566318600000,26056921.0,Impact Hub Z√ºrich - Colab,Sihlquai 131,Z√ºrich,47.384686,8.533229,ch,6569732,Pantalks-tech-non-tech-talks-Panter-AG-Zurich
102,259968214,Liberating Structures Bern Meetup - 2019/4,https://www.meetup.com/Liberating-Structures-User-Group-Schweiz/events/259968214/,24.0,16,1566320400000,26108584.0,Bern,,Bern,46.947975,7.447447,ch,24329787,Liberating-Structures-User-Group-Schweiz
103,259623474,(Vorl√§ufig) K√ºnstliche Intelligenz in Plattformen,https://www.meetup.com/Mobilitats-Meetup/events/259623474/,50.0,15,1566477900000,,,,,,,,27603198,Mobilitats-Meetup
104,262803192,Experts Live Caf√© 4/2019: Infrastructure as Code,https://www.meetup.com/MicrosoftITProSchweiz/events/262803192/,,20,1566482400000,26130182.0,Welle7,Schanzenstrasse 5,Bern,46.94806,7.436912,ch,19725330,MicrosoftITProSchweiz
105,258073827,October Azure and AI Basel User Group Meeting,https://www.meetup.com/Azure-Basel-User-Group/events/258073827/,,7,1566489600000,26079954.0,Digicomp Academy AG,K√ºchengasse 9,Basel,47.548546,7.589302,ch,25953388,Azure-Basel-User-Group
106,262136631,Power BI Meetup - VR Integration mit der Microsoft Hololens,https://www.meetup.com/PBIUGSTU/events/262136631/,,13,1566491400000,26442446.0,STAR COOPERATION B√∂blingen,Otto-Lilienthal-Stra√üe 5,B√∂blingen,48.685627,8.992013,de,29464985,PBIUGSTU
107,261543657,Conf√©rence sur la s√©curit√©,https://www.meetup.com/WordPress-Neuchatel/events/261543657/,50.0,3,1566493200000,26335409.0,"Coworking Neuch√¢tel : Bureaux, Salle de r√©union, Domiciliation, Events, R√©seau d'entrepreneurs",Place Numa-Droz 2,Neuch√¢tel,46.99089,6.932078,ch,31664334,WordPress-Neuchatel
108,261608814,CMCE 1908,https://www.meetup.com/CMCE-Configuration-Manager-Community-Event/events/261608814/,1.0,1,1566540000000,26093847.0,Digicomp Academy AG,Limmatstrasse 50,Z√ºrich,47.382008,8.535454,ch,19730494,CMCE-Configuration-Manager-Community-Event
109,258728061,The Second Play14 Basel. Play! Learn! Have fun!,https://www.meetup.com/Basel-Games-Meetup/events/258728061/,,6,1566576000000,24525627.0,launchlabs,"Dornacherstrasse 192, 4053 Basel",Basel,47.54172,7.593238,ch,27620448,Basel-Games-Meetup
110,262581621,Machine-Learning-Artificial-Intelligence Meetup Bern August 2019,https://www.meetup.com/Machine-Learning-Artificial-Intelligence-Meetup-Bern/events/262581621/,50.0,28,1566835200000,25829646.0,Z√ºhlke Bern,Bogensch√ºtzenstrasse 9A,Bern,46.948105,7.438068,ch,28201473,Machine-Learning-Artificial-Intelligence-Meetup-Bern
111,261656335,Meetup #4: Voice Control in Products & Services,https://www.meetup.com/Zurich-Voice-Meetup/events/261656335/,100.0,17,1566837000000,26021872.0,Z√ºrich,,Z√ºrich,47.37689,8.541694,ch,30538328,Zurich-Voice-Meetup
112,262668192,Save the Date: Agile Breakfast August,https://www.meetup.com/Agile-Breakfast-St-Gallen/events/262668192/,,6,1566886500000,26210566.0,FHS Sankt Gallen,Rosenbergstrasse 59,St. Gallen,47.42293,9.367488,ch,31273308,Agile-Breakfast-St-Gallen
113,260088648,Introduction to Deep Learning,https://www.meetup.com/AI-for-Intelligent-Cloud-Zurich/events/260088648/,,57,1566921600000,26093847.0,Digicomp Academy AG,Limmatstrasse 50,Z√ºrich,47.382008,8.535454,ch,30507802,AI-for-Intelligent-Cloud-Zurich
114,260440930,Skalierte Agilit√§t Teil 2 - Praxisbesuch bei der SBB,https://www.meetup.com/agile-and-beyond/events/260440930/,,25,1566972000000,26303676.0,Bern Train Station,,Bern,46.948566,7.436619,ch,25516239,agile-and-beyond
115,262702763,2. CRS / ModSecurity Meetup Bern,https://www.meetup.com/CRS-ModSecurity-Meetup-Bern/events/262702763/,,9,1567004400000,26074840.0,Puzzle ITC GmbH,Belpstrasse 37,Bern,46.94343,7.432773,ch,32090963,CRS-ModSecurity-Meetup-Bern
116,258556306,SharePoint & Office 365 Community Meetup 3/2019,https://www.meetup.com/SharePointCommunitySchweiz/events/258556306/,,5,1567090800000,,,,,,,,19797861,SharePointCommunitySchweiz
117,261318724,How start-cons uses Salesforce (for Sales),https://www.meetup.com/Salesforce-User/events/261318724/,,6,1567094400000,,,,,,,,28667740,Salesforce-User
118,258755139,Lean Change Management Meetup,https://www.meetup.com/Zurich-Lean-Change-Management-Meetup/events/258755139/,25.0,5,1567094400000,,,,,,,,22191076,Zurich-Lean-Change-Management-Meetup
119,261286923,Cloud Native Computing Meetup | August 2019,https://www.meetup.com/Cloud-Native-Computing-Switzerland/events/261286923/,100.0,36,1567094400000,,,,,,,,23123972,Cloud-Native-Computing-Switzerland
120,gcdnlqyzlbmc,Blockchain meetup,https://www.meetup.com/Azure-Blockchain-Zurich/events/256172659/,80.0,12,1567096200000,24888118.0,Digicomp Academy AG,Limmatstrasse 50,Z√ºrich,47.38191,8.5357,ch,26357880,Azure-Blockchain-Zurich
121,262947731,Last Thursday Talk August,https://www.meetup.com/UX-Schweiz-LAST-THURSDAY-TALKS/events/262947731/,45.0,3,1567096200000,26500646.0,"Freiraum - F√ºr Kreativit√§t, Co-Kreation und Innovation Z√ºrcher Kantonalbank",Bahnhofstrasse 9,Z√ºrich,47.367893,8.539449,ch,21891772,UX-Schweiz-LAST-THURSDAY-TALKS
122,262120650,[30-31.08+01.09.19] NUMERIK GAMES FESTIVAL (4th ed),https://www.meetup.com/Game-Developers-Suisse-Romande/events/262120650/,,5,1567177200000,25229306.0,Y-PARC : Swiss Technopole,Rue Galil√©e 4,Yverdon-Les-Bains,46.765484,6.64497,ch,11103682,Game-Developers-Suisse-Romande
123,258199580,Sicher in den August - Monatliches Meetup August,https://www.meetup.com/Cybersecurity-Liechtenstein/events/258199580/,,3,1567184400000,25664537.0,Universit√§t Liechtenstein,Fabrikweg,Vaduz,47.149555,9.517039,li,21252257,Cybersecurity-Liechtenstein
124,swjrzqyzlbpc,ECSC2019 Team Training,https://www.meetup.com/Cybersecurity-Liechtenstein/events/261787782/,,3,1567238400000,25664537.0,Universit√§t Liechtenstein,Fabrikweg,Vaduz,47.149555,9.517039,li,21252257,Cybersecurity-Liechtenstein
125,261996839,WWD Meetup September - Usability Testing & UI Design Workflow,https://www.meetup.com/WintiWebDev-Talks/events/261996839/,,6,1567441800000,,,,,,,,18532052,WintiWebDev-Talks
126,262676077,Crazy Busy PD: Stress Management in Product Development,https://www.meetup.com/PoDojo-Studio-Zurich/events/262676077/,60.0,16,1567612800000,26396759.0,Crowdhouse,Lerchenstrasse 24,Z√ºrich,47.358932,8.521578,ch,18453167,PoDojo-Studio-Zurich
127,262420014,FIBREE Meet-Up in September 2019 (4. Sept. 2019),https://www.meetup.com/FIBREE-Swiss-Chapter/events/262420014/,,7,1567612800000,25716319.0,Crypto Valley Labs,Dammstrasse ,Zug,47.175476,8.514501,ch,21769334,FIBREE-Swiss-Chapter
128,262091079,Facilitation - Vertrauen in sicheren R√§umen,https://www.meetup.com/New-Ways-Of-Working/events/262091079/,,8,1567614600000,26423950.0,L200,Langstrasse 200,Z√ºrich,47.38239,8.529855,ch,29585304,New-Ways-Of-Working
129,262027939,Cloud Native,https://www.meetup.com/Microservices-Zurich/events/262027939/,50.0,31,1567614600000,26431375.0,Cisco Systems (Switzerland) GmbH,Richtistrasse 7,Wallisellen / Z√ºrich,47.409595,8.590199,ch,19464889,Microservices-Zurich
130,261475944,UX Meetup September - Augmented Reality from a UX perspective,https://www.meetup.com/UX-Basel-Meetups/events/261475944/,75.0,54,1567614600000,26093335.0,Adobe Research Schweiz AG,Barf√ºsserpl. 6,Basel,47.554996,7.589997,ch,30666972,UX-Basel-Meetups
131,258785776,¬´Digitalisierung erleben¬ª zum Thema Internet of Things,https://www.meetup.com/isolutions-AG/events/258785776/,,10,1567689300000,26156117.0,isolutions AG,Schanzenstrasse 4c,Bern,46.948837,7.437354,ch,31101893,isolutions-AG
132,262938295,Was ist in deinem Bereich die gr√∂sste Herausforderung und wie gehst du damit um?,https://www.meetup.com/PO-Meetup-Bern/events/262938295/,35.0,7,1567699200000,26500062.0,Espace Post,Wankdorfallee 4,Bern,46.96745,7.461783,ch,31792485,PO-Meetup-Bern
133,259524303,Kotlin üíö Android,https://www.meetup.com/Mobile-User-Group-Zentralschweiz/events/259524303/,20.0,3,1567699200000,24113639.0,bbv Software Services AG,Blumenrain 10,Luzern,47.063744,8.31126,ch,21129934,Mobile-User-Group-Zentralschweiz
134,262665523,Chatbot Meetup #6 - Case Studies & Networking,https://www.meetup.com/Chatbot-Meetup-Switzerland/events/262665523/,70.0,7,1567702800000,26057737.0,Westhive Coworking,Hardturmstrasse 161,Z√ºrich,47.39333,8.511878,ch,20543187,Chatbot-Meetup-Switzerland
135,xdzhgqyzmbhb,Coders Monthly,https://www.meetup.com/coders-only-zurich/events/262222550/,,3,1567702800000,11817652.0,Cafe Bar Pluesch,Aemtlerstr. 16,Z√ºrich,47.371265,8.516357,ch,7251112,coders-only-zurich
136,262810180,Summer Games 2019,https://www.meetup.com/Toolbox-Bodensee/events/262810180/,,3,1567843200000,25225507.0,Toolbox Bodensee e.V. - Vereinsheim,Bergheimer Str. 6-12,Markdorf,47.71227,9.39911,de,23651893,Toolbox-Bodensee
137,255052397,Agile Games,https://www.meetup.com/agile-and-beyond/events/255052397/,,5,1568115900000,25433971.0,Postfinance,Mingerstrasse 20,Bern,46.957016,7.467946,ch,25516239,agile-and-beyond
138,259700952,Trust Square Lecture Series - Economics of Decentralized Virtual Properties,https://www.meetup.com/Trust-Square-Blockchain-Swiss-Made/events/259700952/,,16,1568131200000,26130784.0,TRUST SQUARE,Bahnhofstrasse 3,Z√ºrich,47.367466,8.539913,ch,28411105,Trust-Square-Blockchain-Swiss-Made
139,jsbqdryzmbnb,Monthly Bitcoin Meetup Special,https://www.meetup.com/bitcoin-bern/events/262962669/,,6,1568134800000,26074840.0,Puzzle ITC GmbH,Belpstrasse 37,Bern,46.94343,7.432773,ch,32267369,bitcoin-bern
140,lwrxnqyzmbnb,Monthly Bitcoin Meetup Special,https://www.meetup.com/Blockchain-Bern/events/262589865/,,23,1568134800000,25056932.0,Puzzle ITC,"Belpstrasse 37 , 3007 Bern",Bern,46.943428,7.432801,ch,24745519,Blockchain-Bern
141,262574618,"Initial Coffee Offering ‚Äî D√©centralisation des services, quelles adaptations ?",https://www.meetup.com/Meetup-Sports-Neuchatel/events/262574618/,,3,1568179800000,26376645.0,Microcity SA,Rue de la Pierre-√†-Mazel 39,Neuch√¢tel,46.99625,6.944597,ch,31770536,Meetup-Sports-Neuchatel
142,261324909,Save The Date,https://www.meetup.com/Azure-Meetup-Bodensee/events/261324909/,50.0,3,1568219400000,26178607.0,Otto-Lilienthal-Stra√üe 6,Otto-Lilienthal-Stra√üe 6,Friedrichshafen,47.6628,9.499167,de,30729924,Azure-Meetup-Bodensee
143,258261977,Autumn TypeScript Meetup,https://www.meetup.com/TypeScript-Switzerland/events/258261977/,20.0,9,1568219400000,,,,,,,,20057281,TypeScript-Switzerland
144,262813160,8. DevOps Meetup Bern: Observability / DevOps Value Stream Mapping,https://www.meetup.com/DevOps-Bern/events/262813160/,75.0,35,1568304900000,26491861.0,vatter Business Center,B√§renpl. 2,Bern,46.94803,7.443389,ch,23466706,DevOps-Bern
145,kckcwqyzmbqb,GDG & WTM Stammtisch,https://www.meetup.com/GDG-Zurich/events/262222568/,15.0,4,1568307600000,764547.0,Nachtflug,St√ºssihofstatt 4,Z√ºrich,47.372641,8.543427,ch,11090922,GDG-Zurich
146,262269257,Rencontre informelle,https://www.meetup.com/WordPress-Neuchatel/events/262269257/,50.0,4,1568307600000,26335409.0,"Coworking Neuch√¢tel : Bureaux, Salle de r√©union, Domiciliation, Events, R√©seau d'entrepreneurs",Place Numa-Droz 2,Neuch√¢tel,46.99089,6.932078,ch,31664334,WordPress-Neuchatel
147,swjrzqyzmbsb,ECSC2019 Team Training,https://www.meetup.com/Cybersecurity-Liechtenstein/events/261787795/,,3,1568448000000,25664537.0,Universit√§t Liechtenstein,Fabrikweg,Vaduz,47.149555,9.517039,li,21252257,Cybersecurity-Liechtenstein
148,262361993,#8.9 Quarterly Hack: DIYrobocars Build & Race (save the date),https://www.meetup.com/Connected-Autonomous-Driving/events/262361993/,,18,1568462400000,26411412.0,He√übr√ºhlstra√üe 21,He√übr√ºhlstra√üe 21,Stuttgart,48.724075,9.113956,de,26195493,Connected-Autonomous-Driving
149,262835809,1. TYPO3 User Group Treffen Bern,https://www.meetup.com/TYPO3-User-Group-Bern/events/262835809/,,6,1568653200000,26493551.0,Gerechtigkeitsgasse 36,Gerechtigkeitsgasse 36,Bern,46.948547,7.454773,ch,32297419,TYPO3-User-Group-Bern
150,262089815,Cloud Workplace Meetup 2/2019,https://www.meetup.com/CloudWorkplace/events/262089815/,,10,1568728800000,26438717.0,SBB Hauptsitz,Hilfikerstrasse 1,Bern,46.967796,7.463192,ch,27745532,CloudWorkplace
151,mxsmnqyzmbwb,Monatliches Industrie 4.0 und IOT Meetup,https://www.meetup.com/Stuttgart-Industrie-4-0-und-IoT-Meetup/events/261508133/,60.0,10,1568736000000,24599344.0,Red Hat GmbH ,"2. Stock Wankelstra√üe 5, 70563 Stuttgart",Stuttgart,48.73748,9.11152,de,18870242,Stuttgart-Industrie-4-0-und-IoT-Meetup
152,262828502,Blockchain & crypto estivales,https://www.meetup.com/Crypto-Alsace/events/262828502/,,21,1568738700000,20483172.0,Epitech Strasbourg,4 Rue du D√¥me,Strasbourg,48.583866,7.749726,fr,24573436,Crypto-Alsace
153,262608490,Elastic{Meetup} #45 - Zurich,https://www.meetup.com/elastic-switzerland/events/262608490/,,5,1568739600000,26477569.0,Homegate AG,Werdstrasse 21,Z√ºrich,47.372612,8.530569,ch,7646592,elastic-switzerland
154,262381693,4. Cloud Native Bern,https://www.meetup.com/Cloud-Native-Computing-Bern/events/262381693/,,62,1568808000000,26460697.0,PostFinance Arena,Mingerstrasse 12,Bern,46.958492,7.46901,ch,29712812,Cloud-Native-Computing-Bern
155,261931385,Learning Git with Git with Pablo Verg√©s,https://www.meetup.com/Software-Craftsmanship-Zurich/events/261931385/,,13,1568822400000,,,,,,,,13476342,Software-Craftsmanship-Zurich
156,261997999,BUSINESS BREAKFAST - Communication & Endpoint Security,https://www.meetup.com/Trans4mation-SWISS-AG-Networking/events/261997999/,30.0,3,1568871000000,26228736.0,Restaurant Au Premier im ‚ÄûJagdzimmer‚Äú,Bahnhofplatz 15,Z√ºrich,47.377483,8.540151,ch,31320365,Trans4mation-SWISS-AG-Networking
157,259623872,(Vorl√§ufig) Automatisiertes Fahren - Deep Dive,https://www.meetup.com/Mobilitats-Meetup/events/259623872/,50.0,9,1568897100000,,,,,,,,27603198,Mobilitats-Meetup
158,262819547,EOS BLOCKCHAIN & PLATFORM APPLICATIONS,https://www.meetup.com/EOS-Blockchain-Switzerland/events/262819547/,50.0,8,1568907000000,26126455.0,CV VC AG,Dammstrasse 16,Zug,47.17576,8.514676,ch,30781933,EOS-Blockchain-Switzerland
159,262615313,Meetup September 2.0 - Angular Schematics,https://www.meetup.com/Angular-Basel/events/262615313/,20.0,7,1568910600000,25617243.0,Bluesky IT-Solutions AG,Aeschenvorstadt 36,Basel,47.55247,7.593103,ch,20441554,Angular-Basel
160,262608844,"AI mornings with Fran√ßois R√ºf, Head of Data, AI & Machine Learning at Vontobel",https://www.meetup.com/Pantalks-tech-non-tech-talks-Panter-AG-Zurich/events/262608844/,,10,1569304800000,24500009.0,Impact Hub Z√ºrich Colab,Sihlquai 131,8005 Z√ºrich,47.384876,8.533801,ch,6569732,Pantalks-tech-non-tech-talks-Panter-AG-Zurich
161,261536380,World Interaction Design Day (IxDD) 2019,https://www.meetup.com/IxDA-Zurich/events/261536380/,,13,1569308400000,,,,,,,,7717752,IxDA-Zurich
162,262582683,From prototype to production,https://www.meetup.com/MiraiLabs-Data-Science-Workshops/events/262582683/,40.0,26,1569333600000,26056921.0,Impact Hub Z√ºrich - Colab,Sihlquai 131,Z√ºrich,47.384686,8.533229,ch,32246666,MiraiLabs-Data-Science-Workshops
163,260441064,"Iteration Zero V3 - Der Weg zu einer kundenzentrierten, agilen Innovationskultur",https://www.meetup.com/agile-and-beyond/events/260441064/,,3,1569391200000,25433971.0,Postfinance,Mingerstrasse 20,Bern,46.957016,7.467946,ch,25516239,agile-and-beyond
164,ssbdfqyzmbjc,1. Meet up Lean Change Management,https://www.meetup.com/Zurich-Lean-Change-Management-Meetup/events/261506025/,20.0,3,1569513600000,,,,,,,,22191076,Zurich-Lean-Change-Management-Meetup
165,gcdnlqyzmbjc,Blockchain meetup,https://www.meetup.com/Azure-Blockchain-Zurich/events/256172679/,80.0,5,1569515400000,24888118.0,Digicomp Academy AG,Limmatstrasse 50,Z√ºrich,47.38191,8.5357,ch,26357880,Azure-Blockchain-Zurich
166,258199592,Once again secure - Monatliches Meetup September,https://www.meetup.com/Cybersecurity-Liechtenstein/events/258199592/,,3,1569657600000,25664537.0,Universit√§t Liechtenstein,Fabrikweg,Vaduz,47.149555,9.517039,li,21252257,Cybersecurity-Liechtenstein
167,swjrzqyzmblc,ECSC2019 Team Training,https://www.meetup.com/Cybersecurity-Liechtenstein/events/261787823/,,3,1569657600000,25664537.0,Universit√§t Liechtenstein,Fabrikweg,Vaduz,47.149555,9.517039,li,21252257,Cybersecurity-Liechtenstein
168,261016714,"""Property-based Testing in Java""",https://www.meetup.com/meetup-group-IGAFblfy/events/261016714/,,4,1569861000000,15797062.0,  Stuttgarter Engineering Park - STEP,Gropiusplatz 2 (Ecke Wankelstr.10) 70563 Stuttgart-Vaihingen,Stuttgart,48.73798,9.1104,de,27322733,meetup-group-IGAFblfy
169,dftzplyznbdb,UX Happy Hour,https://www.meetup.com/uxhappyhour/events/261454641/,,3,1570033800000,,,,,,,,11102042,uxhappyhour
170,261586602,UX Meetup Oktober - Natural Language Conversation als UI - ein Traum?,https://www.meetup.com/UX-Basel-Meetups/events/261586602/,75.0,11,1570033800000,26093335.0,Adobe Research Schweiz AG,Barf√ºsserpl. 6,Basel,47.554996,7.589997,ch,30666972,UX-Basel-Meetups
171,262613997,Meetup October - Progressive Web Apps (PWAs),https://www.meetup.com/Angular-Basel/events/262613997/,20.0,11,1570637700000,25617243.0,Bluesky IT-Solutions AG,Aeschenvorstadt 36,Basel,47.55247,7.593103,ch,20441554,Angular-Basel
172,261325141,Save The Date,https://www.meetup.com/Azure-Meetup-Bodensee/events/261325141/,50.0,3,1570638600000,26178607.0,Otto-Lilienthal-Stra√üe 6,Otto-Lilienthal-Stra√üe 6,Friedrichshafen,47.6628,9.499167,de,30729924,Azure-Meetup-Bodensee
173,261099193,AWS User Group Freiburg: Meetup Oktober 2019,https://www.meetup.com/AWS-User-Group-Freiburg/events/261099193/,60.0,5,1570640400000,25263887.0,Humboldtsaal / Reservix,Humboldtsra√üe 2,Freiburg,47.99333,7.848315,de,29472393,AWS-User-Group-Freiburg
174,mxsmnqyznbtb,Monatliches Industrie 4.0 und IOT Meetup,https://www.meetup.com/Stuttgart-Industrie-4-0-und-IoT-Meetup/events/261508129/,60.0,4,1571155200000,24599344.0,Red Hat GmbH ,"2. Stock Wankelstra√üe 5, 70563 Stuttgart",Stuttgart,48.73748,9.11152,de,18870242,Stuttgart-Industrie-4-0-und-IoT-Meetup
175,262873573,9. DevOps Meetup Bern,https://www.meetup.com/DevOps-Bern/events/262873573/,80.0,19,1571155200000,26496152.0,"Postomat Bern, PostFinance Hauptsitz",Mingerstrasse 20,Bern,46.957012,7.467946,ch,23466706,DevOps-Bern
176,259624205,Assistenten: hilf mir und nerv mich nicht!,https://www.meetup.com/Mobilitats-Meetup/events/259624205/,50.0,8,1571316300000,,,,,,,,27603198,Mobilitats-Meetup
177,260088722,Hands-On with Microsoft Cognitive Services,https://www.meetup.com/AI-for-Intelligent-Cloud-Zurich/events/260088722/,,10,1571760000000,26093847.0,Digicomp Academy AG,Limmatstrasse 50,Z√ºrich,47.382008,8.535454,ch,30507802,AI-for-Intelligent-Cloud-Zurich
178,262577353,14th Power BI User Group Meetup,https://www.meetup.com/Power-BI-User-Group-Switzerland/events/262577353/,80.0,37,1571846400000,24267238.0,Microsoft,Richtistrasse 3,Wallisellen,47.40886,8.590847,ch,19234236,Power-BI-User-Group-Switzerland
179,262845191,MyData SwissID Hands-on Workshop,https://www.meetup.com/MyData-Zurich/events/262845191/,30.0,8,1571932800000,26056921.0,Impact Hub Z√ºrich - Colab,Sihlquai 131,Z√ºrich,47.384686,8.533229,ch,31547074,MyData-Zurich
180,258556310,SharePoint & Office 365 Community Meetup 4/2019,https://www.meetup.com/SharePointCommunitySchweiz/events/258556310/,,3,1572537600000,,,,,,,,19797861,SharePointCommunitySchweiz
181,258893434,BATbern 44 Chatbots,https://www.meetup.com/BATBern/events/258893434/,220.0,34,1572620400000,24561771.0,Zentrum Paul Klee ,Monument im fruchtland 3 ,Bern,46.94889,7.474099,ch,28437177,BATBern
182,262253744,Hack'n'Lead 2019: Switzerland's women-friendly hackathon,https://www.meetup.com/womenplusplus/events/262253744/,,5,1572678000000,26451526.0,Careum Stiftung,Pestalozzistrasse 3,Z√ºrich,47.37491,8.55364,ch,25517536,womenplusplus
183,261845850,Devfest Strasbourg 2019,https://www.meetup.com/GDG-Strasbourg/events/261845850/,,3,1573027200000,26420347.0,Cci Campus,234 Avenue de Colmar,Strasbourg,48.554726,7.745104,fr,28980090,GDG-Strasbourg
184,256777052,17th Fribourg Linux Seminar,https://www.meetup.com/Fribourg-Linux-Seminar/events/256777052/,,9,1573141500000,25979049.0,Haute √©cole d'ing√©nierie et d'architecture,P√©rolles 80,Fribourg,46.79282,7.159753,ch,30423693,Fribourg-Linux-Seminar
185,260564609,NEW QUANT EVENT!  ,https://www.meetup.com/Quant-People-in-Zurich/events/260564609/,,9,1573146000000,26021872.0,Z√ºrich,,Z√ºrich,47.37689,8.541694,ch,29850772,Quant-People-in-Zurich
186,gcdnlqyzpblc,Blockchain meetup,https://www.meetup.com/Azure-Blockchain-Zurich/events/258207209/,80.0,6,1573147800000,24888118.0,Digicomp Academy AG,Limmatstrasse 50,Z√ºrich,47.38191,8.5357,ch,26357880,Azure-Blockchain-Zurich
187,260779675,Blockchain & Crypto Conference in Zug - End of 2019 (TBD),https://www.meetup.com/Crypto-World-Zug/events/260779675/,,8,1573286400000,26337164.0,Kulturzentrum Galvanik Zug,Chamerstrasse 173,Zug,47.181355,8.483966,ch,27879127,Crypto-World-Zug
188,262443101,Guests: Esther Derby & Don Gray - Redefining Leadership,https://www.meetup.com/Meetup-of-Test/events/262443101/,,24,1573579800000,24037397.0,Ergon Informatik AG,Merkurstrasse 43,Z√ºrich,47.36735,8.5544,ch,18519439,Meetup-of-Test
189,259624317,(Vorl√§ufig) Roboter: Imagepflege,https://www.meetup.com/Mobilitats-Meetup/events/259624317/,50.0,5,1574343900000,26046743.0,INNOSpace,Gurtenbrauerei 31,K√∂niz,46.927868,7.445703,ch,27603198,Mobilitats-Meetup
190,261998425,"Pantalks: AI mornings with Anna Ukhanova, Senior Research Program Manager AI/ML",https://www.meetup.com/Pantalks-tech-non-tech-talks-Panter-AG-Zurich/events/261998425/,,30,1574751600000,26056921.0,Impact Hub Z√ºrich - Colab,Sihlquai 131,Z√ºrich,47.384686,8.533229,ch,6569732,Pantalks-tech-non-tech-talks-Panter-AG-Zurich
191,261224916,Versicherungen in der digitalen Zeit - Was sind die Erfolgsfaktoren?,https://www.meetup.com/Agile-Breakfast-Luzern/events/261224916/,80.0,7,1574926200000,26371690.0,Suva Hauptsitz,Fluhmattstrasse 1,Luzern,47.0565,8.309549,ch,18778685,Agile-Breakfast-Luzern
192,259624522,"Next problem, please",https://www.meetup.com/Mobilitats-Meetup/events/259624522/,50.0,7,1575553500000,26046743.0,INNOSpace,Gurtenbrauerei 31,K√∂niz,46.927868,7.445703,ch,27603198,Mobilitats-Meetup
193,gcdnlqyzqbjc,Blockchain meetup,https://www.meetup.com/Azure-Blockchain-Zurich/events/256172186/,80.0,6,1576171800000,24888118.0,Digicomp Academy AG,Limmatstrasse 50,Z√ºrich,47.38191,8.5357,ch,26357880,Azure-Blockchain-Zurich
194,258199634,Jahresendmeetup - Monatliches Meetup Dezember,https://www.meetup.com/Cybersecurity-Liechtenstein/events/258199634/,,3,1577523600000,25664537.0,Universit√§t Liechtenstein,Fabrikweg,Vaduz,47.149555,9.517039,li,21252257,Cybersecurity-Liechtenstein
195,256777101,18th Fribourg Linux Seminar,https://www.meetup.com/Fribourg-Linux-Seminar/events/256777101/,,5,1589467500000,25979049.0,Haute √©cole d'ing√©nierie et d'architecture,P√©rolles 80,Fribourg,46.79282,7.159753,ch,30423693,Fribourg-Linux-Seminar
