,id,name,event_url,rsvp_limit,yes_rsvp_count,time,city,group_id,group_urlname
0,hsgfhqyzjbvb,CoderDojo Zurich,https://www.meetup.com/Coder-Dojo-Zurich/events/260963172/,30.0,12,1560690000000,Z√ºrich,13186902,Coder-Dojo-Zurich
1,261807303,From Mess to Meaning: Liberating Strategic Planning in Complex Contexts,https://www.meetup.com/Liberating-Structures-User-Group-Schweiz/events/261807303/,2.0,3,1560771000000,Z√ºrich,24329787,Liberating-Structures-User-Group-Schweiz
2,261808829,AWS and HashiCorp Terraform - better together,https://www.meetup.com/AWS-Swiss-User-Group-Zurich/events/261808829/,,76,1560787200000,Z√ºrich,20317194,AWS-Swiss-User-Group-Zurich
3,261798794,Oyoba Community Meetup #1,https://www.meetup.com/Oyoba-building-the-future-of-banking-together/events/261798794/,40.0,20,1560787200000,8003 Z√ºrich ,31270353,Oyoba-building-the-future-of-banking-together
4,262193834,How to Benefit as a Startup from Business Failures | Open-mic FuckUp Night ,https://www.meetup.com/CV-Labs-Switzerland/events/262193834/,40.0,11,1560787200000,Zug,27342970,CV-Labs-Switzerland
5,261406087,Produktpiraterie 4.0 ,https://www.meetup.com/Security-IT-trifft-Produktion-OT-Stuttgart/events/261406087/,,8,1560787200000,Leinfelden-Echterdingen,30689395,Security-IT-trifft-Produktion-OT-Stuttgart
6,vrnxvqyzjbwb,The RubyMonstas Summer BBQ!,https://www.meetup.com/RubyMonstas-Programming-for-Women/events/261786393/,,10,1560789000000,Z√ºrich,19739877,RubyMonstas-Programming-for-Women
7,262122041,Social Perl,https://www.meetup.com/Swiss-Perl-Community-Meetup/events/262122041/,,6,1560789000000,Z√ºrich,14243062,Swiss-Perl-Community-Meetup
8,262056157,Classification de tickets d'incident et serverless analytics,https://www.meetup.com/data-science-strasbourg/events/262056157/,100.0,40,1560790800000,Strasbourg,15480672,data-science-strasbourg
9,260095987,Power BI und Paginated Reports,https://www.meetup.com/PowerBI-Basel/events/260095987/,,8,1560790800000,Switzerland,27158541,PowerBI-Basel
10,258787674,SAP Customer Experience Day,https://www.meetup.com/SAP-Customer-Experience-Switzerland/events/258787674/,,22,1560841200000,Z√ºrich,31056273,SAP-Customer-Experience-Switzerland
11,261655462,Cryptotreff - Afterwork in USTER - Juni 2019,https://www.meetup.com/cryptowelt/events/261655462/,,7,1560873600000,Uster,25868301,cryptowelt
12,261736594,Drupal Roundtable June 2019,https://www.meetup.com/Zurich-Drupal-Meetup/events/261736594/,,12,1560873600000,Z√ºrich,18512629,Zurich-Drupal-Meetup
13,262092171,"(ZURICH) Get started with Rust, Stack Overflow's most loved language",https://www.meetup.com/Code4Fun/events/262092171/,40.0,30,1560873600000,8005 Zurich,28264920,Code4Fun
14,261253026,Mini-AnalyticsCamp Zurich @ Liip,https://www.meetup.com/analyticscampch/events/261253026/,75.0,53,1560873600000,Z√ºrich,23242196,analyticscampch
15,262092231,The #DeFi investment case,https://www.meetup.com/meetup-group-MxIAcYAu/events/262092231/,60.0,16,1560873600000,Z√ºrich,27090394,meetup-group-MxIAcYAu
16,261999281,"SLTA LegalTech Circle presenting Skribble, a LegalTech Company.",https://www.meetup.com/Zurich-Legal-Tech-Meetup/events/261999281/,,10,1560873600000,Z√ºrich,19491054,Zurich-Legal-Tech-Meetup
17,mxsmnqyzjbxb,Monatliches Industrie 4.0 und IOT Meetup,https://www.meetup.com/Stuttgart-Industrie-4-0-und-IoT-Meetup/events/257683763/,60.0,47,1560873600000,Stuttgart,18870242,Stuttgart-Industrie-4-0-und-IoT-Meetup
18,261804396,AI reinforcement learning & analytical data mgmt with R,https://www.meetup.com/Zurich-R-User-Group/events/261804396/,120.0,120,1560875400000,Z√ºrich,19133459,Zurich-R-User-Group
19,260883515,Modern and serverless web applications with GraphQL,https://www.meetup.com/Pantalks-tech-non-tech-talks-Panter-AG-Zurich/events/260883515/,,67,1560875400000,8005 Z√ºrich,6569732,Pantalks-tech-non-tech-talks-Panter-AG-Zurich
20,261956820,TensorFlow 2.0 ‚Äî What's New & Cell Phenotyping with Python,https://www.meetup.com/PyData-Zurich/events/261956820/,,81,1560877200000,8048 Zurich,20358742,PyData-Zurich
21,frtjxqyzjbxb,"Practice your programming skills with Python, Javascript, Java, C(++) or ...",https://www.meetup.com/opentechschool-zurich/events/261844748/,,4,1560877200000,Z√ºrich,8170522,opentechschool-zurich
22,gvsjxqyzjbxb,"Learn programming with Python, Java, Javascript, C(++) or ...",https://www.meetup.com/opentechschool-zurich/events/261859787/,20.0,5,1560877200000,Z√ºrich,8170522,opentechschool-zurich
23,262218394,PyData Z√ºrich: TensorFlow 2.0 ‚Äî What's New & Cell Phenotyping with Python,https://www.meetup.com/Big-Data-Developers-Switzerland/events/262218394/,,29,1560877200000,Z√ºrich,10220112,Big-Data-Developers-Switzerland
24,262218416,PyData Meetup Z√ºrich: TensorFlow 2.0 ‚Äî What's New & Cell Phenotyping with Python,https://www.meetup.com/SwissLifeScience/events/262218416/,,3,1560877200000,Z√ºrich,18721751,SwissLifeScience
25,262262595,D√©couverte du Material Sound Design,https://www.meetup.com/GDG-Strasbourg/events/262262595/,20.0,5,1560956400000,Strasbourg,28980090,GDG-Strasbourg
26,262090207,Upgrade your Databases & News,https://www.meetup.com/Oracle-Beer/events/262090207/,,23,1560959100000,Bern,27982279,Oracle-Beer
27,261545364,Initiation √† la Blockchain - niveau d√©butant,https://www.meetup.com/Blockchain-Initiation/events/261545364/,7.0,7,1560960000000,Mulhouse,31931806,Blockchain-Initiation
28,261680452,DC4131 Defcon Dojo,https://www.meetup.com/DC4131/events/261680452/,,4,1560961800000,Z√ºrich,14489982,DC4131
29,261010436,First Swiss CSA chapter event - Z√ºrich Area,https://www.meetup.com/Cloud-Security-Alliance-CSA-Chapter/events/261010436/,,36,1560961800000,Z√ºrich,31761969,Cloud-Security-Alliance-CSA-Chapter
30,261863683,3rd Robotics and ROS in Zurich Meetup,https://www.meetup.com/Robotics-and-ROS-in-Zurich/events/261863683/,,40,1560961800000,Z√ºrich,31303696,Robotics-and-ROS-in-Zurich
31,262249398,Bitcoin Meetup Z√ºrich,https://www.meetup.com/Bitcoin-Meetup-Switzerland/events/262249398/,,10,1560963600000,Z√ºrich,8278642,Bitcoin-Meetup-Switzerland
32,bjsmzqyzjbjc,After work AI & DataScience ,https://www.meetup.com/AI-Saint-Gallen/events/261997695/,,3,1560963600000,St. Gallen,31502232,AI-Saint-Gallen
33,262062817,Crafty Discussions Session 4 - Zurich,https://www.meetup.com/Software-Artisans/events/262062817/,,6,1560963600000,Z√ºrich,32010407,Software-Artisans
34,262033930,Pr√§sentation - Rust + Webassembly (WASM),https://www.meetup.com/Rust-Community-Stuttgart/events/262033930/,20.0,10,1560963600000,Stuttgart,31440424,Rust-Community-Stuttgart
35,258384690,"Developer UnConference Z√ºrich, Switzerland",https://www.meetup.com/Big-Data-Developers-Switzerland/events/258384690/,90.0,79,1561014000000,Z√ºrich,10220112,Big-Data-Developers-Switzerland
36,261416670,Big Data MeetUp,https://www.meetup.com/Big-Data-Developers-Switzerland/events/261416670/,,17,1561037400000,Z√ºrich,10220112,Big-Data-Developers-Switzerland
37,260880224,Meetup #2 | Kafka & it's friends,https://www.meetup.com/Messaging-Streaming-Switzerland/events/260880224/,100.0,52,1561044600000,Bern,29392760,Messaging-Streaming-Switzerland
38,261757869,Web Z√ºrich June,https://www.meetup.com/Web-Zurich/events/261757869/,100.0,72,1561046400000,Z√ºrich,19998223,Web-Zurich
39,261696009,Test in the Pub - A Mix of Topics,https://www.meetup.com/Meetup-of-Test/events/261696009/,12.0,12,1561046400000,8001 Z√ºrich,18519439,Meetup-of-Test
40,261589953,Rethinking agility,https://www.meetup.com/DevOps-Meetup-Zurich/events/261589953/,80.0,80,1561046400000,Z√ºrich,19506753,DevOps-Meetup-Zurich
41,259789564,13th Power BI User Group Meetup,https://www.meetup.com/Power-BI-User-Group-Switzerland/events/259789564/,80.0,54,1561046400000,Wallisellen,19234236,Power-BI-User-Group-Switzerland
42,261506101,UX ROI Z√ºrich ,https://www.meetup.com/UX-ROI-Zurich/events/261506101/,55.0,15,1561046400000,Z√ºrich,31900931,UX-ROI-Zurich
43,260110333,Summer time is SaltStack time!,https://www.meetup.com/Zurich-SaltStack/events/260110333/,,6,1561046400000,,18689551,Zurich-SaltStack
44,261585069,#IPAICT: Erleben Sie Logistik 4.0,https://www.meetup.com/thundigital/events/261585069/,,3,1561046400000,Gwatt,30890991,thundigital
45,262112083,how to increase your agile leadership skills *free of cost*,https://www.meetup.com/agile-Mindset-Zurich/events/262112083/,12.0,9,1561048200000,Z√ºrich,30490660,agile-Mindset-Zurich
46,xstdzqyzjbbc,Unreal Engine Schweiz Meetup ,https://www.meetup.com/Unreal-Engine-Schweiz/events/261504370/,,6,1561050000000,Z√ºrich,21498984,Unreal-Engine-Schweiz
47,crkqppyzjbbc,3D printer introduction,https://www.meetup.com/Digitale-Initiativen/events/261999953/,8.0,3,1561050000000,Dornbirn,21781853,Digitale-Initiativen
48,262072120,Coding session: train a classifier for classification,https://www.meetup.com/Strasbourg-Deep-Learning-Meetup/events/262072120/,20.0,12,1561050000000,Strasbourg,31886879,Strasbourg-Deep-Learning-Meetup
49,261550922,Crypto Blockchain Stammtisch,https://www.meetup.com/Bitcoin-Ulm/events/261550922/,,6,1561050000000,Ulm,29852341,Bitcoin-Ulm
50,261894681,Z√ºrich Blockchain Open Coffee Vol. VI,https://www.meetup.com/Zurich-Blockchain-Open-Coffee/events/261894681/,,10,1561095000000,Z√ºrich,31219627,Zurich-Blockchain-Open-Coffee
51,260240085,Swiss Blockchain Hackathon,https://www.meetup.com/Trust-Square-Blockchain-Swiss-Made/events/260240085/,,20,1561114800000,Z√ºrich,28411105,Trust-Square-Blockchain-Swiss-Made
52,261737821,meetup on data and design #8 ‚Äì Basel | reporting with R and archaeological comm.,https://www.meetup.com/On-data-and-design-Switzerland/events/261737821/,,17,1561134600000,Basel,28736798,On-data-and-design-Switzerland
53,260514689,Stuttgart Gophers May 2019,https://www.meetup.com/Stuttgart-Gophers/events/260514689/,,11,1561136400000,Stuttgart,25894106,Stuttgart-Gophers
54,261566422,Bitcoin Treffen in Steckborn TG - Jetzt anmelden!,https://www.meetup.com/Bitcoins-Schweiz/events/261566422/,15.0,5,1561215600000,Steckborn,31912972,Bitcoins-Schweiz
55,261780281,CoderDojo Summer Finale 2019 & Cyber Protection Challenge,https://www.meetup.com/Coder-Dojo-Zurich/events/261780281/,30.0,9,1561291200000,Z√ºrich,13186902,Coder-Dojo-Zurich
56,260442996,Andreas M. Antonopoulos: Thoughts on The Future of Programmable Money.,https://www.meetup.com/Bitcoin-Meetup-Switzerland/events/260442996/,1400.0,1319,1561307400000,Z√ºrich,8278642,Bitcoin-Meetup-Switzerland
57,261510547,6th Swiss Oracle Cloud Community Meeting,https://www.meetup.com/Swiss-Oracle-Cloud-Community/events/261510547/,,7,1561386600000,Z√ºrich,28518699,Swiss-Oracle-Cloud-Community
58,261171243,"Agiles PM  wie klassisches PM + Scrum, Kanban oder xyz geht & was nun am besten?",https://www.meetup.com/Tubingen-Projektmanagement-Meetup-Gruppe/events/261171243/,,3,1561388400000,,31807895,Tubingen-Projektmanagement-Meetup-Gruppe
59,260906233,Machine Learning & Artificial Intelligence Meetup Bern Juni 2019,https://www.meetup.com/Machine-Learning-Artificial-Intelligence-Meetup-Bern/events/260906233/,50.0,50,1561392000000,Bern,28201473,Machine-Learning-Artificial-Intelligence-Meetup-Bern
60,262062684,What's new in ASP.NET Core 3.0?,https://www.meetup.com/Basel-NET-User-Group/events/262062684/,,9,1561392000000,Basel,19835651,Basel-NET-User-Group
61,261258875,Cool Kids On The Blockchain - Startup Party | part of Crypto Valley Week,https://www.meetup.com/CV-Labs-Switzerland/events/261258875/,350.0,41,1561395600000,Zug,27342970,CV-Labs-Switzerland
62,260730560,AI mornings: Unlocking Value from Customer Conversations with Speech-to-Meaning,https://www.meetup.com/Pantalks-tech-non-tech-talks-Panter-AG-Zurich/events/260730560/,,37,1561442400000,8005 Z√ºrich,6569732,Pantalks-tech-non-tech-talks-Panter-AG-Zurich
63,259361200,Agile Breakfast: Auf dem Weg zu Kollaboration: Agilit√§t und Kommunikation,https://www.meetup.com/Agile-Breakfast-St-Gallen/events/259361200/,,10,1561443300000,St. Gallen,31273308,Agile-Breakfast-St-Gallen
64,257098233,ICT Solution Day Schweiz 2019,https://www.meetup.com/ICT-Schweiz/events/257098233/,,4,1561447800000,R√ºschlikon,25127930,ICT-Schweiz
65,261928709,#MeetAmbitorio - Ambitorio Open Door Day,https://www.meetup.com/Friends-of-Ambitorio/events/261928709/,,6,1561462200000,Baar,21870494,Friends-of-Ambitorio
66,261735132,120' √ºber IoT Technologie,https://www.meetup.com/SmartCityLabBasel/events/261735132/,,35,1561464000000,Basel,30357387,SmartCityLabBasel
67,261480581,2. Meetup: Smart City Lab Basel Community Event,https://www.meetup.com/SmartCityLabBasel/events/261480581/,,30,1561471200000,Basel,30357387,SmartCityLabBasel
68,258556297,SharePoint & Office 365 Community Meetup 2/2019,https://www.meetup.com/SharePointCommunitySchweiz/events/258556297/,,26,1561474800000,Bern,19797861,SharePointCommunitySchweiz
69,261476889,"Technische, organisatorische und rechtliche Aspekte von Data Sharing.",https://www.meetup.com/Ecosystems-Data-Sharing/events/261476889/,,17,1561474800000,Bern,31498863,Ecosystems-Data-Sharing
70,261927228,Transforming healthcare with AI,https://www.meetup.com/Deep-Learning-Zurich-DLZH/events/261927228/,100.0,62,1561478400000,Z√ºrich,31150209,Deep-Learning-Zurich-DLZH
71,ssbdfqyzjbkc,Lean Change Management Meetup,https://www.meetup.com/Zurich-Lean-Change-Management-Meetup/events/258755096/,25.0,17,1561478400000,Z√ºrich,22191076,Zurich-Lean-Change-Management-Meetup
72,261225611,Nexus Zoo: Scrum skalieren mit Nexus (Kostenfreier Simulationsworkshop),https://www.meetup.com/Scrum-Skalierung-mit-Nexus/events/261225611/,,19,1561478400000,Stuttgart,31773060,Scrum-Skalierung-mit-Nexus
73,262250010,Agile DenkWerkstatt,https://www.meetup.com/Digitale-Initiativen/events/262250010/,,6,1561480200000,Dornbirn,21781853,Digitale-Initiativen
74,261802133,Funktionales Programmieren aus der Praxis,https://www.meetup.com/Stuttgart-where-innovation-works/events/261802133/,,13,1561480200000,Stuttgart,25919945,Stuttgart-where-innovation-works
75,gvsjxqyzjbhc,"Learn programming with Python, Java, Javascript, C(++) or ...",https://www.meetup.com/opentechschool-zurich/events/260964804/,20.0,5,1561482000000,Z√ºrich,8170522,opentechschool-zurich
76,262058196,Blockchain inside: Regulatory & legal work from insiders - a 100 % insider panel,https://www.meetup.com/CV-Labs-Switzerland/events/262058196/,75.0,29,1561483800000,Zug,27342970,CV-Labs-Switzerland
77,260440892,Vier agile F√ºhrungstools f√ºr den digitalen Wandel,https://www.meetup.com/agile-and-beyond/events/260440892/,,13,1561528800000,Bern,25516239,agile-and-beyond
78,261997402,1. CRS / ModSecurity Meetup Bern,https://www.meetup.com/CRS-ModSecurity-Meetup-Bern/events/261997402/,,17,1561561200000,Bern,32090963,CRS-ModSecurity-Meetup-Bern
79,262028646,Eventreihe: Start-Up√©ro,https://www.meetup.com/Technopark/events/262028646/,,4,1561564800000,Vaduz,25553387,Technopark
80,261505092,Data from the Edge to AI,https://www.meetup.com/futureofdata-zurich/events/261505092/,30.0,25,1561564800000,Z√ºrich,28528700,futureofdata-zurich
81,262034210,Business Agility: warum? und wie?,https://www.meetup.com/Zurich-Business-Agility-Meetup/events/262034210/,,10,1561564800000,Z√ºrich,27133049,Zurich-Business-Agility-Meetup
82,261315229,Product Management Night Zurich #2 @Swisscom,https://www.meetup.com/Zurich-Product-Management/events/261315229/,50.0,35,1561564800000,Z√ºrich,19826296,Zurich-Product-Management
83,261544948,8. MeetUp AR/VR/MR: AR in Health Care,https://www.meetup.com/AR-VR-MR-ActionJam-MeetUp-Bern/events/261544948/,,28,1561564800000,Bern,26056399,AR-VR-MR-ActionJam-MeetUp-Bern
84,261449319,Aligned Autonomy - how to manage the last mile in the organisation,https://www.meetup.com/Complexity-and-Cynefin-Basel/events/261449319/,10.0,4,1561564800000,Basel,28483335,Complexity-and-Cynefin-Basel
85,261996484,SOAI / Google Cloud Study Jam,https://www.meetup.com/School-of-AI-Zurich/events/261996484/,25.0,25,1561566600000,Z√ºrich,29942974,School-of-AI-Zurich
86,261616660,Machine Learning and Software Architecture - Building scalable predictors,https://www.meetup.com/Software-Architecture-and-Project-Design-Zurich/events/261616660/,40.0,23,1561566600000,Z√ºrich,30425212,Software-Architecture-and-Project-Design-Zurich
87,261318674,AWS UserGroup Ulm/Neu-Ulm,https://www.meetup.com/AWS-User-Group-Ulm-Neu-Ulm/events/261318674/,,8,1561566600000,Ulm,31274594,AWS-User-Group-Ulm-Neu-Ulm
88,262225424,GigBuzz #8: Exbeertise,https://www.meetup.com/GigBuzz-Zurich/events/262225424/,,7,1561566600000,,28258734,GigBuzz-Zurich
89,ffpfsqyzjbjc,Investing in Digital Assets ü•Ç,https://www.meetup.com/CryptoSummit/events/261233068/,,4,1561568400000,Zug,25405406,CryptoSummit
90,cqqsxqyzjbjc,Investing in Digital Assets ü•Ç,https://www.meetup.com/SMART-VALOR/events/258789014/,,3,1561568400000,Zug,27701779,SMART-VALOR
91,262060694,Next Business Process Management & Automation meetup in Switzerland,https://www.meetup.com/Business-Process-Management-Automation/events/262060694/,10.0,10,1561635000000,Z√ºrich,30954940,Business-Process-Management-Automation
92,262121854,1. Ansible Meetup Bern,https://www.meetup.com/Ansible-Bern/events/262121854/,50.0,25,1561647600000,Bern,32119618,Ansible-Bern
93,260692044,Die f√ºnf Kernkompetenzen von SAFe 4.6,https://www.meetup.com/Bern-Scaled-Agile-Framework-SAFe-Meetup/events/260692044/,25.0,19,1561649400000,Bern,20229488,Bern-Scaled-Agile-Framework-SAFe-Meetup
94,261637921,Brainfood for Startups with Pascal Bieri,https://www.meetup.com/Westhive-Innovation-Ecosystem/events/261637921/,,8,1561651200000,Z√ºrich,30385620,Westhive-Innovation-Ecosystem
95,262068565,18ter Blockchain Meetup Liechtenstein √ºber das neue VT-Gesetz,https://www.meetup.com/Blockchain-Bitcoin-Meetup-Dreilandereck/events/262068565/,20.0,5,1561651200000,Vaduz,23244362,Blockchain-Bitcoin-Meetup-Dreilandereck
96,261865256,Best of SAFe Summit Den Haag,https://www.meetup.com/Zurich-SAFe/events/261865256/,30.0,26,1561651200000,Z√ºrich,18915208,Zurich-SAFe
97,262036544,18th Blockchain Meetup Liechtenstein on the new token law,https://www.meetup.com/Blockchain-Meet-up-Liechtenstein/events/262036544/,80.0,41,1561651200000,Vaduz,19910523,Blockchain-Meet-up-Liechtenstein
98,vwhkqqyzjbkc,WordPress mit Elementor so richtig stylen,https://www.meetup.com/WordPress-Bern/events/261655038/,35.0,9,1561651200000,Bern,14177862,WordPress-Bern
99,259294174,6. Lean Startup Bern Meetup 2019,https://www.meetup.com/Lean-Startup-Bern/events/259294174/,,15,1561651200000,Bern,21102309,Lean-Startup-Bern
100,262193395,DAOs & Pharma (Decentralised Autonomous Organisations) ,https://www.meetup.com/Blockchain-in-Pharma-Network/events/262193395/,,6,1561651200000,Basel,31101113,Blockchain-in-Pharma-Network
101,gcdnlqyzhbnc,Blockchain meetup,https://www.meetup.com/Azure-Blockchain-Zurich/events/256172195/,80.0,29,1561653000000,Z√ºrich,26357880,Azure-Blockchain-Zurich
102,259803250,Pitch for Purpose Online Demo Day: Watch Live Global Startup Pitch Competition,https://www.meetup.com/Zurich-Startup-Founder-101/events/259803250/,,57,1561653000000,Z√ºrich,19108430,Zurich-Startup-Founder-101
103,262248889,Recrutement : quelle sont vos strat√©gies ?,https://www.meetup.com/Meetup-CTO-Strasbourg-Grand-Est/events/262248889/,10.0,5,1561653000000,Strasbourg,31250514,Meetup-CTO-Strasbourg-Grand-Est
104,257183707,Last Thursday Talk Juni (Exkursion),https://www.meetup.com/UX-Schweiz-LAST-THURSDAY-TALKS/events/257183707/,,31,1561653000000,Horw,21891772,UX-Schweiz-LAST-THURSDAY-TALKS
105,262058230,Modern real-time App with Rust and Flutter,https://www.meetup.com/Rust-Basel/events/262058230/,15.0,9,1561653000000,Basel,31255758,Rust-Basel
106,262205357,HackSXB #74 - √âdition sp√©ciale Edgefest,https://www.meetup.com/HackSXB/events/262205357/,,3,1561654800000,Strasbourg,23469342,HackSXB
107,262281297,A modern approach to pagination,https://www.meetup.com/Vue-Basel/events/262281297/,25.0,14,1561654800000,Basel,28881648,Vue-Basel
108,258893403,BATbern 43 - Event Driven Architecture,https://www.meetup.com/BATBern/events/258893403/,220.0,134,1561705200000,Bern,28437177,BATBern
109,qcddnqyzjblc,Crypto Friday - Wine & Vision,https://www.meetup.com/CV-Labs-Switzerland/events/261638843/,90.0,12,1561734000000,Zug,27342970,CV-Labs-Switzerland
110,257316494,U3VtbWVySGFja2luZw== - Monatliches Meetup Juni,https://www.meetup.com/Cybersecurity-Liechtenstein/events/257316494/,,9,1561741200000,Vaduz,21252257,Cybersecurity-Liechtenstein
111,260987716,Azure Camp,https://www.meetup.com/Azure-Meetup-Konstanz-Region/events/260987716/,,10,1561881600000,Konstanz,28098944,Azure-Meetup-Konstanz-Region
112,262237368,Framer Meetup Zurich @ Ginetta,https://www.meetup.com/meetup-group-ohTCAajV/events/262237368/,40.0,13,1561995000000,Z√ºrich,32149848,meetup-group-ohTCAajV
113,xgtstpyzkbcb,Workshop Linux Kernel & Root File System,https://www.meetup.com/Embedded-GNU-Linux-Developer/events/260538928/,10.0,5,1561999500000,Z√ºrich,27942126,Embedded-GNU-Linux-Developer
114,262060256,"CryptoMonday | ""There is no Blockchain"" and the need of Business Blockchains",https://www.meetup.com/CryptoMonday-Blockchain-Zurich/events/262060256/,,16,1562000400000,Z√ºrich,32098343,CryptoMonday-Blockchain-Zurich
115,tdxfslyzkbcb,"Tolles Projekt ? ""Technische Probleme"" ? Nur hereinspaziert.",https://www.meetup.com/Arduino-und-Elektronik-Abend-im-FabLab-Zurich/events/261010079/,,4,1562000400000,Z√ºrich,18450765,Arduino-und-Elektronik-Abend-im-FabLab-Zurich
116,260794474,DevOps Value Stream Mapping: Experiences and Learnings,https://www.meetup.com/DevOps-Meetup-Zurich/events/260794474/,,13,1562081400000,Schlieren,19506753,DevOps-Meetup-Zurich
117,262268446,Infrastructure as TypeScript with James Nugent,https://www.meetup.com/NET-Usergroup-Zentralschweiz/events/262268446/,,10,1562083200000,Luzern,18250501,NET-Usergroup-Zentralschweiz
118,261893279,Soziokratie kennenlernen - Zusammenarbeit gemeinsam gestalten,https://www.meetup.com/New-Ways-Of-Working/events/261893279/,,4,1562085000000,Z√ºrich,29585304,New-Ways-Of-Working
119,gvsjxqyzkbdb,"Learn programming with Python, Java, Javascript, C(++) or ...",https://www.meetup.com/opentechschool-zurich/events/262250683/,20.0,3,1562086800000,Z√ºrich,8170522,opentechschool-zurich
120,frtjxqyzkbdb,"Practice your programming skills with Python, Javascript, Java, C(++) or ...",https://www.meetup.com/opentechschool-zurich/events/261844814/,,3,1562086800000,Z√ºrich,8170522,opentechschool-zurich
121,jjtjwqyzkbdb,Regular Tuesday WoSEC meetup,https://www.meetup.com/WIST-Women-in-Security-and-Tech-Zurich/events/261251692/,,4,1562086800000,,30876143,WIST-Women-in-Security-and-Tech-Zurich
122,262089591,"Agilit√§t, jenseits von Frameworks und Prozessen",https://www.meetup.com/Agile-Breakfast-Zurich/events/262089591/,50.0,39,1562134500000,8048 Z√ºrich,21644552,Agile-Breakfast-Zurich
123,261482796,Discussion: What are your favorite data visualization books?,https://www.meetup.com/datavis-zurich/events/261482796/,30.0,14,1562148000000,Z√ºrich,31838175,datavis-zurich
124,261598199,Public Cloud im √∂ffentlichen Sektor - Von der Theorie zur Praxis,https://www.meetup.com/AWS-Swiss-User-Group-Bern/events/261598199/,,33,1562162400000,Bern,18988197,AWS-Swiss-User-Group-Bern
125,262106556,To JAR Hell And Back - A Live Migration to Java 11,https://www.meetup.com/ElsassJUG/events/262106556/,,10,1562169600000,Strasbourg,18525937,ElsassJUG
126,262035278,ux.feierabend.beer #17: Summer Edition,https://www.meetup.com/ux-feierabend-beer-Bern/events/262035278/,20.0,10,1562169600000,Bern,18577026,ux-feierabend-beer-Bern
127,261997013,Work-Life Balance & Personal Growth in Product,https://www.meetup.com/ProductTank-Bern/events/261997013/,50.0,33,1562169600000,Bern,26414199,ProductTank-Bern
128,dftzplyzkbfb,UX Happy Hour,https://www.meetup.com/uxhappyhour/events/261462993/,,5,1562171400000,,11102042,uxhappyhour
129,261324668,Christian Pfisterer √ºber Azure IoT: Storages,https://www.meetup.com/dnugFN/events/261324668/,30.0,11,1562171400000,Friedrichshafen,21305282,dnugFN
130,259771587,Christian Pfisterer √ºber Azure IoT: Storages,https://www.meetup.com/Azure-Meetup-Bodensee/events/259771587/,50.0,17,1562171400000,Friedrichshafen,30729924,Azure-Meetup-Bodensee
131,261668949,‚Ññ 8,https://www.meetup.com/vue_zurich/events/261668949/,,6,1562171400000,,27983448,vue_zurich
132,261837397,UX Meetup Juli - UX im Novartis Institutes for BioMedical Research,https://www.meetup.com/UX-Basel-Meetups/events/261837397/,74.0,51,1562171400000,Basel,30666972,UX-Basel-Meetups
133,262226764,Conf√©rence UX : √©valuation d'interface et dimensions cognitives,https://www.meetup.com/UX-FLUPA-Alsace/events/262226764/,,3,1562171400000,Mulhouse,29669145,UX-FLUPA-Alsace
134,262249606,XIV. Go Meetup ,https://www.meetup.com/Zurich-Gophers/events/262249606/,60.0,43,1562173200000,Z√ºrich,17314342,Zurich-Gophers
135,259623370,Special Summer Meetup: Gutes Klima,https://www.meetup.com/Mobilitats-Meetup/events/259623370/,50.0,7,1562244300000,K√∂niz,27603198,Mobilitats-Meetup
136,262090161,Meetup July - Angular Basics (Free Mini-Training),https://www.meetup.com/Angular-Basel/events/262090161/,20.0,10,1562248800000,Basel,20441554,Angular-Basel
137,261699737,Embrace agility ‚Äì creating a responsive organization,https://www.meetup.com/Agile-Baden-CH/events/261699737/,,11,1562254200000,Baden,31946434,Agile-Baden-CH
138,262285446,Elementor Z√ºrich - Sommertreffen,https://www.meetup.com/Zurich-Elementor/events/262285446/,8.0,3,1562256000000,Z√ºrich,32140009,Zurich-Elementor
139,262220965,NLP Picnic,https://www.meetup.com/NLP-Zurich/events/262220965/,,43,1562256000000,Z√ºrich,23400690,NLP-Zurich
140,261701031,CENIT and IBM Process Automation @Stuttgart,https://www.meetup.com/CENIT-and-IBM-Process-Automation-Stuttgart/events/261701031/,,10,1562256000000,Stuttgart,31978550,CENIT-and-IBM-Process-Automation-Stuttgart
141,262197657,Kafka Hack Night,https://www.meetup.com/Bern-Hack-Night/events/262197657/,35.0,9,1562256000000,Bern,19888506,Bern-Hack-Night
142,262122365,WebDev Meetup Chur - Fiirobigsbiar Edition,https://www.meetup.com/WebDev-Chur/events/262122365/,16.0,4,1562256000000,,27837817,WebDev-Chur
143,262000623,All about Cloud Native,https://www.meetup.com/Microservices-Zurich/events/262000623/,50.0,26,1562257800000,Wallisellen / Z√ºrich,19464889,Microservices-Zurich
144,262064954,"Summer Dev Roadshow: VS Code, DevOps@Microsoft & les nouveaux toolings d'Angular",https://www.meetup.com/MugStrasbourg/events/262064954/,,17,1562259600000,Strasbourg,9877462,MugStrasbourg
145,260938034,12th SDN workshop,https://www.meetup.com/SDN-Switzerland/events/260938034/,,12,1562308200000,Z√ºrich,18933386,SDN-Switzerland
146,261830032,Westhive Summerf√§scht,https://www.meetup.com/Westhive-Innovation-Ecosystem/events/261830032/,,7,1562335200000,Z√ºrich,30385620,Westhive-Innovation-Ecosystem
147,nrwbrqyzkbjb,Monthly GDG-Meetup,https://www.meetup.com/GDG-Freiburg/events/260394838/,12.0,3,1562400000000,Freiburg,20119936,GDG-Freiburg
148,261620548,22nd Swiss Big Data User Group Meetup,https://www.meetup.com/swiss-big-data/events/261620548/,50.0,30,1562599800000,Z√ºrich,18369817,swiss-big-data
149,259700830,Trust Square Lecture Series - What are Tokens? A Legal Analysis,https://www.meetup.com/Trust-Square-Blockchain-Swiss-Made/events/259700830/,,14,1562601600000,Z√ºrich,28411105,Trust-Square-Blockchain-Swiss-Made
150,261656198,Meetup #3: Branding and UX f√ºr Voice User Interfaces,https://www.meetup.com/Zurich-Voice-Meetup/events/261656198/,80.0,67,1562603400000,Z√ºrich,30538328,Zurich-Voice-Meetup
151,261676815,Save the date CSM Formal Austausch,https://www.meetup.com/Zurich-Customer-Success-Austausch/events/261676815/,,4,1562688000000,,23965165,Zurich-Customer-Success-Austausch
152,lwrxnqyzkbmb,Monthly Bitcoin Meetup,https://www.meetup.com/Blockchain-Bern/events/262250626/,,3,1562691600000,Bern,24745519,Blockchain-Bern
153,tflhdqyzkbnb,Scrum Club Dornbirn,https://www.meetup.com/Digitale-Initiativen/events/262265819/,,6,1562776200000,Dornbirn,21781853,Digitale-Initiativen
154,261862930,WWD Meetup Juli,https://www.meetup.com/WintiWebDev-Talks/events/261862930/,,8,1562776200000,,18532052,WintiWebDev-Talks
155,256180856,Future of Mobility - Powered by Blockchain and Air-Mobility Infrastructure ,https://www.meetup.com/Disrupt-Meetup-Future-of-Mobility-Stuttgart/events/256180856/,,65,1562778000000,Stuttgart,30472855,Disrupt-Meetup-Future-of-Mobility-Stuttgart
156,261318724,How start-cons uses Salesforce (for Sales),https://www.meetup.com/Salesforce-User/events/261318724/,,4,1562860800000,,28667740,Salesforce-User
157,262139621,how to increase you agile competences *free of cost*,https://www.meetup.com/agile-Mindset-Zurich/events/262139621/,12.0,3,1562862600000,Z√ºrich,30490660,agile-Mindset-Zurich
158,kckcwqyzkbpb,GDG & WTM Stammtisch,https://www.meetup.com/GDG-Zurich/events/260905846/,15.0,5,1562864400000,Z√ºrich,11090922,GDG-Zurich
159,261378115,Atelier d'entraide ,https://www.meetup.com/WordPress-Neuchatel/events/261378115/,,4,1562864400000,Neuch√¢tel,31664334,WordPress-Neuchatel
160,qcddnqyzkbqb,Crypto Friday - Wine & Vision,https://www.meetup.com/CV-Labs-Switzerland/events/261813583/,90.0,4,1562943600000,Zug,27342970,CV-Labs-Switzerland
161,262123688,"APEXmeetupStuttgart meets Star-Wars, News from Kscope19 and BBQ-Time!",https://www.meetup.com/orclapex-Stuttgart/events/262123688/,,14,1563375600000,Stuttgart,14332822,orclapex-Stuttgart
162,261864696,Die bunte Welt des Human Task Management,https://www.meetup.com/Camunda-User-Group-Stuttgart/events/261864696/,,7,1563382800000,Leinfelden-Echterdingen,30962709,Camunda-User-Group-Stuttgart
163,jqfsxqyzkbxb,Neos CMS - Monthly regulars' table in Zurich,https://www.meetup.com/Neos-CMS-and-Flow-Framework-Meetup-Swiss/events/261616507/,20.0,4,1563465600000,Z√ºrich,20044220,Neos-CMS-and-Flow-Framework-Meetup-Swiss
164,262122939,ngStuttgart Summer Meetup,https://www.meetup.com/angular-users-stuttgart/events/262122939/,,34,1563469200000,Stuttgart,23746018,angular-users-stuttgart
165,262312285,IBM Blockchain for Business @ Stuttgart S01E02,https://www.meetup.com/IBM-meets-Blockchain-for-Business-Stuttgart/events/262312285/,50.0,5,1563895800000,Ehningen,31003656,IBM-meets-Blockchain-for-Business-Stuttgart
166,260737013,Virtuelle Techniken im industriellen Service,https://www.meetup.com/Stuttgart-B2B-Customer-Success-Management-Meetup/events/260737013/,40.0,13,1563969600000,Stuttgart,25371698,Stuttgart-B2B-Customer-Success-Management-Meetup
167,261926585,Angular PWA : the technology & pitfalls ,https://www.meetup.com/Zurich-Progressive-Web-App-Meetup/events/261926585/,,4,1563985800000,Z√ºrich,27120674,Zurich-Progressive-Web-App-Meetup
168,262312045,PWA with Angular,https://www.meetup.com/AngularZRH/events/262312045/,,5,1563985800000,,12710702,AngularZRH
169,qcddnqyzkbjc,Crypto Friday - Wine & Vision,https://www.meetup.com/CV-Labs-Switzerland/events/261813518/,90.0,3,1564153200000,Zug,27342970,CV-Labs-Switzerland
170,258199284,Hacky Summer - Monatliches Meetup Juli,https://www.meetup.com/Cybersecurity-Liechtenstein/events/258199284/,,4,1564214400000,Vaduz,21252257,Cybersecurity-Liechtenstein
171,262125679,Erfahrungsbericht Kanban in Scrum anwenden - Eine Erfolgsstory,https://www.meetup.com/Scrum-User-Group-Bern-Scrum-Alliance/events/262125679/,50.0,47,1564414200000,Bern,29547307,Scrum-User-Group-Bern-Scrum-Alliance
172,261482996,Presentation: Accessible Data Visualization by Luc Guillemot & Tania Boa,https://www.meetup.com/datavis-zurich/events/261482996/,30.0,22,1565103600000,Z√ºrich,31838175,datavis-zurich
173,dftzplyzlbkb,UX Happy Hour,https://www.meetup.com/uxhappyhour/events/262238108/,,3,1565195400000,,11102042,uxhappyhour
174,259591897,React Zurich August Meetup,https://www.meetup.com/Zurich-ReactJS-Meetup/events/259591897/,50.0,28,1565197200000,Z√ºrich,18405138,Zurich-ReactJS-Meetup
175,262122329,WebDev Meetup Chur,https://www.meetup.com/WebDev-Chur/events/262122329/,16.0,3,1565280000000,Chur,27837817,WebDev-Chur
176,sffhtqyzlbqb,BernR Meetup: ggplot and dplyr,https://www.meetup.com/Bern-R/events/261997432/,,4,1565627400000,Bern,30484518,Bern-R
177,bxdvrqyzlbsb,Python Meetup,https://www.meetup.com/Python-User-Group-Freiburg/events/262260027/,20.0,3,1565802000000,,9582982,Python-User-Group-Freiburg
178,259387148,Swiss Perl Workshop 2019,https://www.meetup.com/Swiss-Perl-Community-Meetup/events/259387148/,,7,1565938800000,Olten,14243062,Swiss-Perl-Community-Meetup
179,cdkrzqyzlbvb,ECSC2019 Team Training,https://www.meetup.com/Cybersecurity-Liechtenstein/events/261592426/,,3,1565974800000,Vaduz,21252257,Cybersecurity-Liechtenstein
180,258073541,August Meetup for the Azure Pro Workgroup,https://www.meetup.com/Azure-Professional-Workgroup/events/258073541/,,6,1566230400000,Z√ºrich,29454575,Azure-Professional-Workgroup
181,259968214,Liberating Structures Bern Meetup - 2019/4,https://www.meetup.com/Liberating-Structures-User-Group-Schweiz/events/259968214/,24.0,9,1566320400000,Bern,24329787,Liberating-Structures-User-Group-Schweiz
182,259623474,(Vorl√§ufig) K√ºnstliche Intelligenz in Plattformen,https://www.meetup.com/Mobilitats-Meetup/events/259623474/,50.0,12,1566477900000,,27603198,Mobilitats-Meetup
183,258073827,October Azure and AI Basel User Group Meeting,https://www.meetup.com/Azure-Basel-User-Group/events/258073827/,,3,1566489600000,Basel,25953388,Azure-Basel-User-Group
184,262136631,Power BI Meetup - VR Integration mit der Microsoft Hololens,https://www.meetup.com/PBIUGSTU/events/262136631/,,12,1566491400000,B√∂blingen,29464985,PBIUGSTU
185,261543657,Conf√©rence sur la s√©curit√©,https://www.meetup.com/WordPress-Neuchatel/events/261543657/,50.0,3,1566493200000,Neuch√¢tel,31664334,WordPress-Neuchatel
186,261608814,CMCE 1908,https://www.meetup.com/CMCE-Configuration-Manager-Community-Event/events/261608814/,1.0,1,1566540000000,Z√ºrich,19730494,CMCE-Configuration-Manager-Community-Event
187,258728061,The Second Play14 Basel. Play! Learn! Have fun!,https://www.meetup.com/Basel-Games-Meetup/events/258728061/,,5,1566576000000,Basel,27620448,Basel-Games-Meetup
188,261656335,Meetup #4: Voice Control in Products & Services,https://www.meetup.com/Zurich-Voice-Meetup/events/261656335/,100.0,6,1566837000000,Z√ºrich,30538328,Zurich-Voice-Meetup
189,260088648,Introduction to Deep Learning,https://www.meetup.com/AI-for-Intelligent-Cloud-Zurich/events/260088648/,,37,1566921600000,Z√ºrich,30507802,AI-for-Intelligent-Cloud-Zurich
190,260440930,Skalierte Agilit√§t Teil 2 - Praxisbesuch bei der SBB,https://www.meetup.com/agile-and-beyond/events/260440930/,,22,1566972000000,Bern,25516239,agile-and-beyond
191,258556306,SharePoint & Office 365 Community Meetup 3/2019,https://www.meetup.com/SharePointCommunitySchweiz/events/258556306/,,4,1567090800000,,19797861,SharePointCommunitySchweiz
192,258755139,Lean Change Management Meetup,https://www.meetup.com/Zurich-Lean-Change-Management-Meetup/events/258755139/,25.0,4,1567094400000,,22191076,Zurich-Lean-Change-Management-Meetup
193,261286923,Cloud Native Computing Meetup | August 2019,https://www.meetup.com/Cloud-Native-Computing-Switzerland/events/261286923/,100.0,24,1567094400000,,23123972,Cloud-Native-Computing-Switzerland
194,gcdnlqyzlbmc,Blockchain meetup,https://www.meetup.com/Azure-Blockchain-Zurich/events/256172659/,80.0,5,1567096200000,Z√ºrich,26357880,Azure-Blockchain-Zurich
195,262120650,[30-31.08+01.09.19] NUMERIK GAMES FESTIVAL (4th ed),https://www.meetup.com/Game-Developers-Suisse-Romande/events/262120650/,,3,1567177200000,Yverdon-Les-Bains,11103682,Game-Developers-Suisse-Romande
196,258199580,Sicher in den August - Monatliches Meetup August,https://www.meetup.com/Cybersecurity-Liechtenstein/events/258199580/,,3,1567184400000,Vaduz,21252257,Cybersecurity-Liechtenstein
197,swjrzqyzlbpc,ECSC2019 Team Training,https://www.meetup.com/Cybersecurity-Liechtenstein/events/261787782/,,3,1567238400000,Vaduz,21252257,Cybersecurity-Liechtenstein
198,261996839,WWD Meetup September,https://www.meetup.com/WintiWebDev-Talks/events/261996839/,,5,1567441800000,,18532052,WintiWebDev-Talks
199,262027939,Cloud Native,https://www.meetup.com/Microservices-Zurich/events/262027939/,50.0,20,1567614600000,Wallisellen / Z√ºrich,19464889,Microservices-Zurich
